run_id,seed,epoch,train_loss,val_loss,n_blocks,flip_to_splus_frac,infeasible_frac,n_sminus,n_sminus_infeasible,n_splus,hs_pos_raw,hs_margin_raw,feasible_sminus,infeasible_sminus,flip_to_splus,psi,u_sq,hs_pos_real,hs_margin_real,hs_pos_cf,hs_margin_cf,lphi_real,lphi_cf,lphi_bound_real,vartheta,vartheta_cf,hs_pos_raw_cf,hs_margin_raw_cf
BBLOCK,0,1,0.6730375321706136,0.4279465089639028,10.0,0.0,0.5388625592417062,0.0,0.0,10.0,,,,,,,,,,,,,,,,,,
BBLOCK,0,2,0.4140883416511394,0.3857680878639221,10.0,0.0,0.5061611374407583,0.0,0.0,10.0,,,,,,,,,,,,,,,,,,
BBLOCK,0,3,0.4064006517816473,0.390529089530309,10.0,0.0,0.509478672985782,0.0,0.0,10.0,,,,,,,,,,,,,,,,,,
BBLOCK,0,4,0.4116797149622881,0.4651262626647949,10.0,0.0,0.5085308056872038,0.0,0.0,10.0,,,,,,,,,,,,,,,,,,
BBLOCK,0,5,0.4406974904448897,0.4072564459641774,10.0,0.0,0.5163507109004739,0.0,0.0,10.0,,,,,,,,,,,,,,,,,,
BBLOCK,0,6,0.5127375247655092,0.4556682805220286,10.0,0.0,0.535781990521327,0.0,0.0,10.0,,,,,,,,,,,,,,,,,,
BBLOCK,0,7,0.4899810479128802,0.489800967057546,10.0,0.0,0.5270142180094787,0.0,0.0,10.0,,,,,,,,,,,,,,,,,,
BBLOCK,0,8,0.465674456331465,0.488554886897405,10.0,0.0,0.5163507109004739,0.0,0.0,10.0,,,,,,,,,,,,,,,,,,
BBLOCK,0,9,0.471826456590935,0.4924196194807688,10.0,0.0,0.5234597156398104,0.0,0.0,10.0,,,,,,,,,,,,,,,,,,
BBLOCK,0,10,0.4566002773973677,0.4872095758914948,10.0,0.0,0.5139810426540284,0.0,0.0,10.0,,,,,,,,,,,,,,,,,,
BBLOCK,0,11,0.4573233620325724,0.4544102725187937,10.0,0.0,0.5139810426540284,0.0,0.0,10.0,,,,,,,,,,,,,,,,,,
BBLOCK,0,12,0.4685375665558709,0.4764964890480041,10.0,0.0,0.5213270142180095,0.0,0.0,10.0,,,,,,,,,,,,,,,,,,
BBLOCK,0,13,0.4663294113123858,0.6485818457603455,10.0,0.0,0.5218009478672986,0.0,0.0,10.0,,,,,,,,,,,,,,,,,,
BBLOCK,0,14,0.5056869285371568,0.509971860408783,10.0,0.0,0.5433649289099526,0.0,0.0,10.0,,,,,,,,,,,,,,,,,,
BBLOCK,0,15,0.4723898842952869,0.4689575935204824,10.0,0.0,0.5265402843601895,0.0,0.0,10.0,,,,,,,,,,,,,,,,,,
BBLOCK,0,16,0.5052679254037362,0.5637259287834168,10.0,0.0,0.5386255924170616,0.0,0.0,10.0,,,,,,,,,,,,,,,,,,
BBLOCK,0,17,0.4741911343380257,0.4000288822650909,10.0,0.0,0.5270142180094787,0.0,0.0,10.0,,,,,,,,,,,,,,,,,,
BBLOCK,0,18,0.469761854701572,0.4976993508338928,10.0,0.0,0.5248815165876777,0.0,0.0,10.0,,,,,,,,,,,,,,,,,,
BBLOCK,0,19,0.4746383878036782,0.5158482807477315,10.0,0.0,0.531042654028436,0.0,0.0,10.0,,,,,,,,,,,,,,,,,,
BBLOCK,0,20,0.4676829682632729,0.4388137067159017,10.0,0.0,0.5220379146919432,0.0,0.0,10.0,,,,,,,,,,,,,,,,,,
BBLOCK,0,21,0.48197275407226,0.5302334009806315,10.0,0.0,0.5308056872037915,0.0,0.0,10.0,,,,,,,,,,,,,,,,,,
BBLOCK,0,22,0.4708027626143561,0.4631602632204691,10.0,0.0,0.5267772511848342,0.0,0.0,10.0,,,,,,,,,,,,,,,,,,
BBLOCK,0,23,0.4676206765439775,0.4401831907431284,10.0,0.0,0.5298578199052133,0.0,0.0,10.0,,,,,,,,,,,,,,,,,,
BBLOCK,0,24,0.4707047109250669,0.5310168742338817,10.0,0.0,0.5345971563981042,0.0,0.0,10.0,,,,,,,,,,,,,,,,,,
BBLOCK,0,25,0.4655191669552414,0.5291366818745931,10.0,0.0,0.5298578199052133,0.0,0.0,10.0,,,,,,,,,,,,,,,,,,
BBLOCK,0,26,0.4737589054902394,0.5065296125411988,10.0,0.0,0.5289099526066351,0.0,0.0,10.0,,,,,,,,,,,,,,,,,,
BBLOCK,0,27,0.4593494954285798,0.4486120980580648,10.0,0.0,0.5279620853080569,0.0,0.0,10.0,,,,,,,,,,,,,,,,,,
BBLOCK,0,28,0.4681000698230885,0.4916278216838837,10.0,0.0,0.5324644549763032,0.0,0.0,10.0,,,,,,,,,,,,,,,,,,
BBLOCK,0,29,0.4758887318416878,0.5005756972630818,10.0,0.0,0.5367298578199052,0.0,0.0,10.0,,,,,,,,,,,,,,,,,,
BBLOCK,0,30,0.4646882546742757,0.4880431053638458,10.0,0.0,0.5360189573459715,0.0,0.0,10.0,,,,,,,,,,,,,,,,,,
BBLOCK,0,31,0.474500747345112,0.4659595033327738,10.0,0.0,0.5400473933649289,0.0,0.0,10.0,,,,,,,,,,,,,,,,,,
BBLOCK,0,32,0.4535796200610973,0.4158783257802327,10.0,0.0,0.5343601895734598,0.0,0.0,10.0,,,,,,,,,,,,,,,,,,
BBLOCK,0,33,0.4504685722015522,0.4324853805700938,10.0,0.0,0.5265402843601895,0.0,0.0,10.0,,,,,,,,,,,,,,,,,,
BBLOCK,0,34,0.4401793322828081,0.4311935856342315,10.0,0.0,0.5305687203791469,0.0,0.0,10.0,,,,,,,,,,,,,,,,,,
BBLOCK,0,35,0.4476385761013737,0.4210002200603485,10.0,0.0,0.5412322274881517,0.0,0.0,10.0,,,,,,,,,,,,,,,,,,
BBLOCK,0,36,0.4416145050349059,0.4367636614640554,10.0,0.0,0.5341232227488152,0.0,0.0,10.0,,,,,,,,,,,,,,,,,,
BBLOCK,0,37,0.4395344721211327,0.4392568870385487,10.0,0.0,0.5329383886255924,0.0,0.0,10.0,,,,,,,,,,,,,,,,,,
BBLOCK,0,38,0.4323753511110941,0.4577743931611379,10.0,0.0,0.5312796208530806,0.0,0.0,10.0,,,,,,,,,,,,,,,,,,
BBLOCK,0,39,0.4249085676405165,0.4085578090349833,10.0,0.0,0.5298578199052133,0.0,0.0,10.0,,,,,,,,,,,,,,,,,,
BBLOCK,0,40,0.4353846419828909,0.5361247366269429,10.0,0.0,0.5345971563981042,0.0,0.0,10.0,,,,,,,,,,,,,,,,,,
BBLOCK,0,41,0.4403834184540642,0.4092018751303355,10.0,0.0,0.54739336492891,0.0,0.0,10.0,,,,,,,,,,,,,,,,,,
BBLOCK,0,42,0.4249659888214535,0.4358820413748423,10.0,0.0,0.5303317535545023,0.0,0.0,10.0,,,,,,,,,,,,,,,,,,
BBLOCK,0,43,0.4228643288082546,0.4703895443280538,10.0,0.0,0.5362559241706161,0.0,0.0,10.0,,,,,,,,,,,,,,,,,,
BBLOCK,0,44,0.4179265039496951,0.4513222255706787,10.0,0.0,0.5315165876777251,0.0,0.0,10.0,,,,,,,,,,,,,,,,,,
BBLOCK,0,45,0.4788760580663327,0.4818475453853607,10.0,0.0,0.5644549763033175,0.0,0.0,10.0,,,,,,,,,,,,,,,,,,
BBLOCK,0,46,0.4258384947865097,0.4319946614106496,10.0,0.0,0.5322274881516588,0.0,0.0,10.0,,,,,,,,,,,,,,,,,,
BBLOCK,0,47,0.4189690823731599,0.4083071047465006,10.0,0.0,0.5322274881516588,0.0,0.0,10.0,,,,,,,,,,,,,,,,,,
BBLOCK,0,48,0.4240691186851925,0.4061783030033111,10.0,0.0,0.543127962085308,0.0,0.0,10.0,,,,,,,,,,,,,,,,,,
BBLOCK,0,49,0.4020989913410611,0.4606394415696462,10.0,0.0,0.523222748815166,0.0,0.0,10.0,,,,,,,,,,,,,,,,,,
BBLOCK,0,50,0.4091978557198136,0.4184968370596568,10.0,0.0,0.5345971563981042,0.0,0.0,10.0,,,,,,,,,,,,,,,,,,
BBLOCK,0,51,0.4062141244411468,0.4083802876472473,10.0,0.0,0.547867298578199,0.0,0.0,10.0,,,,,,,,,,,,,,,,,,
BBLOCK,0,52,0.3994288224732434,0.3970540073712666,10.0,0.0,0.5488151658767773,0.0,0.0,10.0,,,,,,,,,,,,,,,,,,
BBLOCK,0,53,0.3964998568340584,0.3886708918412526,10.0,0.0,0.5438388625592417,0.0,0.0,10.0,,,,,,,,,,,,,,,,,,
BBLOCK,0,54,0.3926010400145142,0.4204241623878479,10.0,0.0,0.5464454976303318,0.0,0.0,10.0,,,,,,,,,,,,,,,,,,
BBLOCK,0,55,0.3833611888002466,0.4224865055084228,10.0,0.0,0.5417061611374407,0.0,0.0,10.0,,,,,,,,,,,,,,,,,,
BBLOCK,0,56,0.3824539798189093,0.3653104996681213,10.0,0.0,0.5466824644549763,0.0,0.0,10.0,,,,,,,,,,,,,,,,,,
BBLOCK,0,57,0.3798960800435808,0.3901842089494069,10.0,0.0,0.5428909952606635,0.0,0.0,10.0,,,,,,,,,,,,,,,,,,
BBLOCK,0,58,0.3726390236395376,0.3891609232425689,10.0,0.0,0.5421800947867298,0.0,0.0,10.0,,,,,,,,,,,,,,,,,,
BBLOCK,0,59,0.3717697600170418,0.3665459901491801,10.0,0.0,0.5414691943127962,0.0,0.0,10.0,,,,,,,,,,,,,,,,,,
BBLOCK,0,60,0.3695043345778077,0.3911917541821798,10.0,0.0,0.5433649289099526,0.0,0.0,10.0,,,,,,,,,,,,,,,,,,
BBLOCK,0,61,0.3631121204959022,0.3797135062217712,10.0,0.0,0.5409952606635071,0.0,0.0,10.0,,,,,,,,,,,,,,,,,,
BBLOCK,0,62,0.359975219823696,0.3936883250872294,10.0,0.0,0.5388625592417062,0.0,0.0,10.0,,,,,,,,,,,,,,,,,,
BBLOCK,0,63,0.3525303456076869,0.4254357099533081,10.0,0.0,0.5414691943127962,0.0,0.0,10.0,,,,,,,,,,,,,,,,,,
BBLOCK,0,64,0.3472505795867355,0.3903983229796092,10.0,0.0,0.5407582938388625,0.0,0.0,10.0,,,,,,,,,,,,,,,,,,
BBLOCK,0,65,0.3455468027238492,0.3577659007708231,10.0,0.0,0.5341232227488152,0.0,0.0,10.0,,,,,,,,,,,,,,,,,,
BBLOCK,0,66,0.3399503744443257,0.331994798262914,10.0,0.0,0.5436018957345972,0.0,0.0,10.0,,,,,,,,,,,,,,,,,,
BBLOCK,0,67,0.3347734425774327,0.4214919884999593,10.0,0.0,0.5409952606635071,0.0,0.0,10.0,,,,,,,,,,,,,,,,,,
BBLOCK,0,68,0.3321376003071113,0.3638756554921468,10.0,0.0,0.5433649289099526,0.0,0.0,10.0,,,,,,,,,,,,,,,,,,
BBLOCK,0,69,0.3270006393061744,0.3544729131857554,10.0,0.0,0.5367298578199052,0.0,0.0,10.0,,,,,,,,,,,,,,,,,,
BBLOCK,0,70,0.3234022151805736,0.3573450187842051,10.0,0.0,0.5428909952606635,0.0,0.0,10.0,,,,,,,,,,,,,,,,,,
BBLOCK,0,71,0.319453807565901,0.3555342324574788,10.0,0.0,0.5402843601895735,0.0,0.0,10.0,,,,,,,,,,,,,,,,,,
BBLOCK,0,72,0.3114168140535001,0.3274466762542725,10.0,0.0,0.5450236966824644,0.0,0.0,10.0,,,,,,,,,,,,,,,,,,
BBLOCK,0,73,0.3065972297279923,0.3282740743160248,10.0,0.0,0.5334123222748816,0.0,0.0,10.0,,,,,,,,,,,,,,,,,,
BBLOCK,0,74,0.3031501470848366,0.3193339728116989,10.0,0.0,0.5507109004739337,0.0,0.0,10.0,,,,,,,,,,,,,,,,,,
BBLOCK,0,75,0.3002695481909646,0.3337408362229665,10.0,0.0,0.5507109004739337,0.0,0.0,10.0,,,,,,,,,,,,,,,,,,
BBLOCK,0,76,0.2904337522365429,0.3173404265244802,10.0,0.0,0.543127962085308,0.0,0.0,10.0,,,,,,,,,,,,,,,,,,
BBLOCK,0,77,0.2919170696293866,0.3223092738389969,10.0,0.0,0.5639810426540285,0.0,0.0,10.0,,,,,,,,,,,,,,,,,,
BBLOCK,0,78,0.2838093759925277,0.3205309758981069,10.0,0.0,0.55260663507109,0.0,0.0,10.0,,,,,,,,,,,,,,,,,,
BBLOCK,0,79,0.2821086212926441,0.3162909904321034,10.0,0.0,0.5604265402843602,0.0,0.0,10.0,,,,,,,,,,,,,,,,,,
BBLOCK,0,80,0.2723161983622445,0.3336875069141388,10.0,0.0,0.5613744075829384,0.0,0.0,10.0,,,,,,,,,,,,,,,,,,
BBLOCK,0,81,0.2663092974291907,0.2998761850992839,10.0,0.0,0.5554502369668246,0.0,0.0,10.0,,,,,,,,,,,,,,,,,,
BBLOCK,0,82,0.2619722580865577,0.3105702350536982,10.0,0.0,0.564691943127962,0.0,0.0,10.0,,,,,,,,,,,,,,,,,,
BBLOCK,0,83,0.2548792060746087,0.3006792542537053,10.0,0.0,0.5649289099526067,0.0,0.0,10.0,,,,,,,,,,,,,,,,,,
BBLOCK,0,84,0.2506217198548494,0.2954838938315709,10.0,0.0,0.5751184834123223,0.0,0.0,10.0,,,,,,,,,,,,,,,,,,
BBLOCK,0,85,0.2461494829787148,0.2784817469120025,10.0,0.0,0.5843601895734597,0.0,0.0,10.0,,,,,,,,,,,,,,,,,,
BBLOCK,0,86,0.2365101418053662,0.2818880247672399,10.0,0.0,0.5827014218009479,0.0,0.0,10.0,,,,,,,,,,,,,,,,,,
BBLOCK,0,87,0.2333388709227244,0.2820469862222671,10.0,0.0,0.5921800947867298,0.0,0.0,10.0,,,,,,,,,,,,,,,,,,
BBLOCK,0,88,0.2276745040637475,0.2781281787554423,10.0,0.0,0.5992890995260663,0.0,0.0,10.0,,,,,,,,,,,,,,,,,,
BBLOCK,0,89,0.2202481640709771,0.3014746996561686,10.0,0.0,0.5983412322274881,0.0,0.0,10.0,,,,,,,,,,,,,,,,,,
BBLOCK,0,90,0.2144233652485741,0.2693396429220835,10.0,0.0,0.6080568720379147,0.0,0.0,10.0,,,,,,,,,,,,,,,,,,
BBLOCK,0,91,0.2068099946313434,0.2713233625888824,10.0,0.0,0.6078199052132701,0.0,0.0,10.0,,,,,,,,,,,,,,,,,,
BBLOCK,0,92,0.2019518442065627,0.2662807358503342,10.0,0.0,0.6277251184834123,0.0,0.0,10.0,,,,,,,,,,,,,,,,,,
BBLOCK,0,93,0.1955196941693623,0.2628634732166926,10.0,0.0,0.6277251184834123,0.0,0.0,10.0,,,,,,,,,,,,,,,,,,
BBLOCK,0,94,0.1890760683218638,0.2541312376260757,10.0,0.0,0.6180094786729858,0.0,0.0,10.0,,,,,,,,,,,,,,,,,,
BBLOCK,0,95,0.1822908380208192,0.2581773877938588,10.0,0.0,0.6279620853080569,0.0,0.0,10.0,,,,,,,,,,,,,,,,,,
BBLOCK,0,96,0.1772215969032711,0.2561865400075912,10.0,0.0,0.6303317535545023,0.0,0.0,10.0,,,,,,,,,,,,,,,,,,
BBLOCK,0,97,0.1727245395889988,0.2516770043770472,10.0,0.0,0.6296208530805687,0.0,0.0,10.0,,,,,,,,,,,,,,,,,,
BBLOCK,0,98,0.1689279623649738,0.2504752728144327,10.0,0.0,0.6663507109004739,0.0,0.0,10.0,,,,,,,,,,,,,,,,,,
BBLOCK,0,99,0.1660944555291423,0.2507656065622966,10.0,0.0,0.6644549763033175,0.0,0.0,10.0,,,,,,,,,,,,,,,,,,
BBLOCK,0,100,0.1642027885913848,0.2507155156532923,10.0,0.0,0.6604265402843602,0.0,0.0,10.0,,,,,,,,,,,,,,,,,,
BBLOCK,1,1,0.645648746446327,0.4157468391259511,10.0,0.0,0.5507109004739337,0.0,0.0,10.0,,,,,,,,,,,,,,,,,,
BBLOCK,1,2,0.4030715769926707,0.4060566624800364,10.0,0.0,0.5101895734597157,0.0,0.0,10.0,,,,,,,,,,,,,,,,,,
BBLOCK,1,3,0.4112617127895355,0.4160081674257914,10.0,0.0,0.5123222748815166,0.0,0.0,10.0,,,,,,,,,,,,,,,,,,
BBLOCK,1,4,0.4251400136771025,0.4462024885018666,10.0,0.0,0.5104265402843602,0.0,0.0,10.0,,,,,,,,,,,,,,,,,,
BBLOCK,1,5,0.4452482891612582,0.4387613376776377,10.0,0.0,0.509952606635071,0.0,0.0,10.0,,,,,,,,,,,,,,,,,,
BBLOCK,1,6,0.5029556147963913,0.4379958342711131,10.0,0.0,0.5317535545023697,0.0,0.0,10.0,,,,,,,,,,,,,,,,,,
BBLOCK,1,7,0.4698197738859389,0.4912038927872976,10.0,0.0,0.5196682464454977,0.0,0.0,10.0,,,,,,,,,,,,,,,,,,
BBLOCK,1,8,0.4598815281656053,0.4080488550662994,10.0,0.0,0.5158767772511849,0.0,0.0,10.0,,,,,,,,,,,,,,,,,,
BBLOCK,1,9,0.4717128444689291,0.4420104737281799,10.0,0.0,0.521090047393365,0.0,0.0,10.0,,,,,,,,,,,,,,,,,,
BBLOCK,1,10,0.4697258479506881,0.4298783383369445,10.0,0.0,0.524170616113744,0.0,0.0,10.0,,,,,,,,,,,,,,,,,,
BBLOCK,1,11,0.4655345221360524,0.5945241377353668,10.0,0.0,0.523222748815166,0.0,0.0,10.0,,,,,,,,,,,,,,,,,,
BBLOCK,1,12,0.4712621879577636,0.4755405260721842,10.0,0.0,0.526303317535545,0.0,0.0,10.0,,,,,,,,,,,,,,,,,,
BBLOCK,1,13,0.4620683261288537,0.4592434414227803,10.0,0.0,0.5123222748815166,0.0,0.0,10.0,,,,,,,,,,,,,,,,,,
BBLOCK,1,14,0.4709156127505832,0.5405573948224386,10.0,0.0,0.526303317535545,0.0,0.0,10.0,,,,,,,,,,,,,,,,,,
BBLOCK,1,15,0.4834403775709647,0.517475627263387,10.0,0.0,0.5350710900473934,0.0,0.0,10.0,,,,,,,,,,,,,,,,,,
BBLOCK,1,16,0.4727273575641491,0.4491184825897217,10.0,0.0,0.5281990521327015,0.0,0.0,10.0,,,,,,,,,,,,,,,,,,
BBLOCK,1,17,0.4797867028360014,0.4550226200421651,10.0,0.0,0.5227488151658768,0.0,0.0,10.0,,,,,,,,,,,,,,,,,,
BBLOCK,1,18,0.4692406256287186,0.5210751762390137,10.0,0.0,0.5270142180094787,0.0,0.0,10.0,,,,,,,,,,,,,,,,,,
BBLOCK,1,19,0.5548880334077058,0.4473316845099131,10.0,0.0,0.5727488151658767,0.0,0.0,10.0,,,,,,,,,,,,,,,,,,
BBLOCK,1,20,0.4827454228047971,0.4462339975833893,10.0,0.0,0.5225118483412322,0.0,0.0,10.0,,,,,,,,,,,,,,,,,,
BBLOCK,1,21,0.4800959877526318,0.46732768368721,10.0,0.0,0.523222748815166,0.0,0.0,10.0,,,,,,,,,,,,,,,,,,
BBLOCK,1,22,0.4766686763675125,0.4501259882450104,10.0,0.0,0.5281990521327015,0.0,0.0,10.0,,,,,,,,,,,,,,,,,,
BBLOCK,1,23,0.4683099265098572,0.4716853838761647,10.0,0.0,0.5239336492890995,0.0,0.0,10.0,,,,,,,,,,,,,,,,,,
BBLOCK,1,24,0.4652226874475126,0.434173931757609,10.0,0.0,0.523222748815166,0.0,0.0,10.0,,,,,,,,,,,,,,,,,,
BBLOCK,1,25,0.4786366879940033,0.4817381132443746,10.0,0.0,0.535781990521327,0.0,0.0,10.0,,,,,,,,,,,,,,,,,,
BBLOCK,1,26,0.4824213544880902,0.5255861405531566,10.0,0.0,0.5383886255924171,0.0,0.0,10.0,,,,,,,,,,,,,,,,,,
BBLOCK,1,27,0.4642662614451514,0.5567721571922303,10.0,0.0,0.5289099526066351,0.0,0.0,10.0,,,,,,,,,,,,,,,,,,
BBLOCK,1,28,0.4620687957869636,0.4505491956075032,10.0,0.0,0.533649289099526,0.0,0.0,10.0,,,,,,,,,,,,,,,,,,
BBLOCK,1,29,0.4657708089969776,0.4598097290198008,10.0,0.0,0.5343601895734598,0.0,0.0,10.0,,,,,,,,,,,,,,,,,,
BBLOCK,1,30,0.4518727491608372,0.4379617569446564,10.0,0.0,0.5255924170616114,0.0,0.0,10.0,,,,,,,,,,,,,,,,,,
BBLOCK,1,31,0.4660155775811937,0.4687476642131805,10.0,0.0,0.5338862559241706,0.0,0.0,10.0,,,,,,,,,,,,,,,,,,
BBLOCK,1,32,0.4637967816370505,0.4360779062906901,10.0,0.0,0.5417061611374407,0.0,0.0,10.0,,,,,,,,,,,,,,,,,,
BBLOCK,1,33,0.4527778818254118,0.5122502085367838,10.0,0.0,0.5312796208530806,0.0,0.0,10.0,,,,,,,,,,,,,,,,,,
BBLOCK,1,34,0.4467089755623429,0.4282393671671549,10.0,0.0,0.5315165876777251,0.0,0.0,10.0,,,,,,,,,,,,,,,,,,
BBLOCK,1,35,0.4662655830383301,0.4259809345404307,10.0,0.0,0.5502369668246445,0.0,0.0,10.0,,,,,,,,,,,,,,,,,,
BBLOCK,1,36,0.4495090816109269,0.4589593998591105,10.0,0.0,0.5322274881516588,0.0,0.0,10.0,,,,,,,,,,,,,,,,,,
BBLOCK,1,37,0.4498352115948995,0.4386475652853648,10.0,0.0,0.5393364928909953,0.0,0.0,10.0,,,,,,,,,,,,,,,,,,
BBLOCK,1,38,0.4426004399105354,0.4876220081647237,10.0,0.0,0.5395734597156397,0.0,0.0,10.0,,,,,,,,,,,,,,,,,,
BBLOCK,1,39,0.4424089981538278,0.4001555305322011,10.0,0.0,0.5360189573459715,0.0,0.0,10.0,,,,,,,,,,,,,,,,,,
BBLOCK,1,40,0.4452911341720157,0.4365348428090413,10.0,0.0,0.5509478672985783,0.0,0.0,10.0,,,,,,,,,,,,,,,,,,
BBLOCK,1,41,0.4330896878948918,0.4346660334269205,10.0,0.0,0.5293838862559241,0.0,0.0,10.0,,,,,,,,,,,,,,,,,,
BBLOCK,1,42,0.4304831553741737,0.4246705724398295,10.0,0.0,0.5315165876777251,0.0,0.0,10.0,,,,,,,,,,,,,,,,,,
BBLOCK,1,43,0.4280467897079609,0.4005676437218984,10.0,0.0,0.5436018957345972,0.0,0.0,10.0,,,,,,,,,,,,,,,,,,
BBLOCK,1,44,0.4276002830399407,0.4332643798987071,10.0,0.0,0.5381516587677725,0.0,0.0,10.0,,,,,,,,,,,,,,,,,,
BBLOCK,1,45,0.4136758654029281,0.4147876673539479,10.0,0.0,0.5253554502369668,0.0,0.0,10.0,,,,,,,,,,,,,,,,,,
BBLOCK,1,46,0.425772045718299,0.4694211084842682,10.0,0.0,0.5421800947867298,0.0,0.0,10.0,,,,,,,,,,,,,,,,,,
BBLOCK,1,47,0.4180212652153439,0.4199823774496714,10.0,0.0,0.5376777251184834,0.0,0.0,10.0,,,,,,,,,,,,,,,,,,
BBLOCK,1,48,0.4135397084907249,0.4096251490116119,10.0,0.0,0.5322274881516588,0.0,0.0,10.0,,,,,,,,,,,,,,,,,,
BBLOCK,1,49,0.4109309113820394,0.4429058182239532,10.0,0.0,0.533649289099526,0.0,0.0,10.0,,,,,,,,,,,,,,,,,,
BBLOCK,1,50,0.4095414658475805,0.4230641074180603,10.0,0.0,0.5367298578199052,0.0,0.0,10.0,,,,,,,,,,,,,,,,,,
BBLOCK,1,51,0.4072134658760494,0.3902974027792613,10.0,0.0,0.5343601895734598,0.0,0.0,10.0,,,,,,,,,,,,,,,,,,
BBLOCK,1,52,0.3963673874713756,0.4374771675268809,10.0,0.0,0.535781990521327,0.0,0.0,10.0,,,,,,,,,,,,,,,,,,
BBLOCK,1,53,0.400097611118246,0.3780577812194824,10.0,0.0,0.5398104265402843,0.0,0.0,10.0,,,,,,,,,,,,,,,,,,
BBLOCK,1,54,0.3854756408885673,0.4030074554284413,10.0,0.0,0.5303317535545023,0.0,0.0,10.0,,,,,,,,,,,,,,,,,,
BBLOCK,1,55,0.3891704704496596,0.4167347094217936,10.0,0.0,0.5395734597156397,0.0,0.0,10.0,,,,,,,,,,,,,,,,,,
BBLOCK,1,56,0.3853460948467254,0.4657981417179108,10.0,0.0,0.5398104265402843,0.0,0.0,10.0,,,,,,,,,,,,,,,,,,
BBLOCK,1,57,0.3809034974486739,0.3722819094657898,10.0,0.0,0.5345971563981042,0.0,0.0,10.0,,,,,,,,,,,,,,,,,,
BBLOCK,1,58,0.3818504321001194,0.3589649732907613,10.0,0.0,0.5419431279620853,0.0,0.0,10.0,,,,,,,,,,,,,,,,,,
BBLOCK,1,59,0.3723109978834788,0.3939915033976237,10.0,0.0,0.5334123222748816,0.0,0.0,10.0,,,,,,,,,,,,,,,,,,
BBLOCK,1,60,0.3727586486074659,0.3714942855040232,10.0,0.0,0.5417061611374407,0.0,0.0,10.0,,,,,,,,,,,,,,,,,,
BBLOCK,1,61,0.3626052294572194,0.3741530826091766,10.0,0.0,0.5367298578199052,0.0,0.0,10.0,,,,,,,,,,,,,,,,,,
BBLOCK,1,62,0.3604208391419163,0.4152302809556325,10.0,0.0,0.5402843601895735,0.0,0.0,10.0,,,,,,,,,,,,,,,,,,
BBLOCK,1,63,0.3590431083308326,0.3556169044971466,10.0,0.0,0.5428909952606635,0.0,0.0,10.0,,,,,,,,,,,,,,,,,,
BBLOCK,1,64,0.3490869641039106,0.3622222475210825,10.0,0.0,0.5338862559241706,0.0,0.0,10.0,,,,,,,,,,,,,,,,,,
BBLOCK,1,65,0.3471777484063749,0.3490139294465383,10.0,0.0,0.5348341232227488,0.0,0.0,10.0,,,,,,,,,,,,,,,,,,
BBLOCK,1,66,0.3405711374282837,0.3510614751180013,10.0,0.0,0.5341232227488152,0.0,0.0,10.0,,,,,,,,,,,,,,,,,,
BBLOCK,1,67,0.3388105998922277,0.4383304746945699,10.0,0.0,0.5440758293838862,0.0,0.0,10.0,,,,,,,,,,,,,,,,,,
BBLOCK,1,68,0.3345932633700194,0.3400940429369609,10.0,0.0,0.545734597156398,0.0,0.0,10.0,,,,,,,,,,,,,,,,,,
BBLOCK,1,69,0.3298107548024919,0.343984194835027,10.0,0.0,0.5436018957345972,0.0,0.0,10.0,,,,,,,,,,,,,,,,,,
BBLOCK,1,70,0.3227312249784116,0.3708960535526275,10.0,0.0,0.5445497630331753,0.0,0.0,10.0,,,,,,,,,,,,,,,,,,
BBLOCK,1,71,0.3175206041777575,0.3281886469523112,10.0,0.0,0.5372037914691943,0.0,0.0,10.0,,,,,,,,,,,,,,,,,,
BBLOCK,1,72,0.3111354869559959,0.3354781998793284,10.0,0.0,0.5360189573459715,0.0,0.0,10.0,,,,,,,,,,,,,,,,,,
BBLOCK,1,73,0.3045446122399083,0.3205068007310231,10.0,0.0,0.54478672985782,0.0,0.0,10.0,,,,,,,,,,,,,,,,,,
BBLOCK,1,74,0.301582757057967,0.3645548686186473,10.0,0.0,0.5436018957345972,0.0,0.0,10.0,,,,,,,,,,,,,,,,,,
BBLOCK,1,75,0.2981103326479594,0.3320870226224263,10.0,0.0,0.5537914691943128,0.0,0.0,10.0,,,,,,,,,,,,,,,,,,
BBLOCK,1,76,0.2912639228326303,0.3139658084710439,10.0,0.0,0.5417061611374407,0.0,0.0,10.0,,,,,,,,,,,,,,,,,,
BBLOCK,1,77,0.2861511233603512,0.3036835683981577,10.0,0.0,0.543127962085308,0.0,0.0,10.0,,,,,,,,,,,,,,,,,,
BBLOCK,1,78,0.2821406054849978,0.3003791200319926,10.0,0.0,0.5571090047393364,0.0,0.0,10.0,,,,,,,,,,,,,,,,,,
BBLOCK,1,79,0.275552193959554,0.3145946186383565,10.0,0.0,0.5601895734597157,0.0,0.0,10.0,,,,,,,,,,,,,,,,,,
BBLOCK,1,80,0.2689744271437327,0.2890933237075805,10.0,0.0,0.5459715639810426,0.0,0.0,10.0,,,,,,,,,,,,,,,,,,
BBLOCK,1,81,0.263388917737537,0.3115544510682423,10.0,0.0,0.5571090047393364,0.0,0.0,10.0,,,,,,,,,,,,,,,,,,
BBLOCK,1,82,0.259466316430657,0.2939711601734161,10.0,0.0,0.5521327014218009,0.0,0.0,10.0,,,,,,,,,,,,,,,,,,
BBLOCK,1,83,0.2518723595230667,0.2890158139069875,10.0,0.0,0.564218009478673,0.0,0.0,10.0,,,,,,,,,,,,,,,,,,
BBLOCK,1,84,0.2443819209469689,0.2828764770030975,10.0,0.0,0.5618483412322275,0.0,0.0,10.0,,,,,,,,,,,,,,,,,,
BBLOCK,1,85,0.2410797727019698,0.2718888824383417,10.0,0.0,0.5772511848341232,0.0,0.0,10.0,,,,,,,,,,,,,,,,,,
BBLOCK,1,86,0.2341241601352338,0.2739424871603648,10.0,0.0,0.5843601895734597,0.0,0.0,10.0,,,,,,,,,,,,,,,,,,
BBLOCK,1,87,0.2278290504437905,0.2795829228162765,10.0,0.0,0.5796208530805687,0.0,0.0,10.0,,,,,,,,,,,,,,,,,,
BBLOCK,1,88,0.2208692192148279,0.273063409169515,10.0,0.0,0.5827014218009479,0.0,0.0,10.0,,,,,,,,,,,,,,,,,,
BBLOCK,1,89,0.2138833369502314,0.2551682287057241,10.0,0.0,0.5831753554502369,0.0,0.0,10.0,,,,,,,,,,,,,,,,,,
BBLOCK,1,90,0.2075148228848422,0.2601975840330124,10.0,0.0,0.5890995260663507,0.0,0.0,10.0,,,,,,,,,,,,,,,,,,
BBLOCK,1,91,0.2015457743891963,0.2556165393193563,10.0,0.0,0.6246445497630332,0.0,0.0,10.0,,,,,,,,,,,,,,,,,,
BBLOCK,1,92,0.1940887814406995,0.2671565385262171,10.0,0.0,0.6172985781990521,0.0,0.0,10.0,,,,,,,,,,,,,,,,,,
BBLOCK,1,93,0.1883261938006789,0.2548204693396886,10.0,0.0,0.6267772511848341,0.0,0.0,10.0,,,,,,,,,,,,,,,,,,
BBLOCK,1,94,0.1817081196970409,0.2510618364413579,10.0,0.0,0.6201421800947867,0.0,0.0,10.0,,,,,,,,,,,,,,,,,,
BBLOCK,1,95,0.1748500679643065,0.2469527554114659,10.0,0.0,0.6260663507109004,0.0,0.0,10.0,,,,,,,,,,,,,,,,,,
BBLOCK,1,96,0.1702265300044307,0.2501495626370112,10.0,0.0,0.6504739336492891,0.0,0.0,10.0,,,,,,,,,,,,,,,,,,
BBLOCK,1,97,0.1643430555882277,0.2494802001317342,10.0,0.0,0.640047393364929,0.0,0.0,10.0,,,,,,,,,,,,,,,,,,
BBLOCK,1,98,0.1605402574892397,0.2465243459145228,10.0,0.0,0.6483412322274882,0.0,0.0,10.0,,,,,,,,,,,,,,,,,,
BBLOCK,1,99,0.1574218083597995,0.2437129618326823,10.0,0.0,0.6348341232227488,0.0,0.0,10.0,,,,,,,,,,,,,,,,,,
BBLOCK,1,100,0.1558893898990419,0.2431049442291259,10.0,0.0,0.6722748815165877,0.0,0.0,10.0,,,,,,,,,,,,,,,,,,
BBLOCK,2,1,0.649363366957064,0.431947166442871,10.0,0.0,0.5398104265402844,0.0,0.0,10.0,,,,,,,,,,,,,,,,,,
BBLOCK,2,2,0.39614524741526,0.4111886327266693,10.0,0.0,0.5087677725118483,0.0,0.0,10.0,,,,,,,,,,,,,,,,,,
BBLOCK,2,3,0.3917104863369906,0.3946995374361674,10.0,0.0,0.509952606635071,0.0,0.0,10.0,,,,,,,,,,,,,,,,,,
BBLOCK,2,4,0.4111236342412454,0.4023413874308268,10.0,0.0,0.5080568720379147,0.0,0.0,10.0,,,,,,,,,,,,,,,,,,
BBLOCK,2,5,0.441233772110056,0.4369217899640401,10.0,0.0,0.5180094786729857,0.0,0.0,10.0,,,,,,,,,,,,,,,,,,
BBLOCK,2,6,0.4845547500363102,0.4767445758978526,10.0,0.0,0.5284360189573459,0.0,0.0,10.0,,,,,,,,,,,,,,,,,,
BBLOCK,2,7,0.4986455236364294,0.4699116179943085,10.0,0.0,0.5293838862559241,0.0,0.0,10.0,,,,,,,,,,,,,,,,,,
BBLOCK,2,8,0.4630975105056056,0.4865419975121816,10.0,0.0,0.5137440758293839,0.0,0.0,10.0,,,,,,,,,,,,,,,,,,
BBLOCK,2,9,0.461865042536347,0.4495280079841613,10.0,0.0,0.5125592417061612,0.0,0.0,10.0,,,,,,,,,,,,,,,,,,
BBLOCK,2,10,0.4701296487560978,0.5488448510169983,10.0,0.0,0.5218009478672986,0.0,0.0,10.0,,,,,,,,,,,,,,,,,,
BBLOCK,2,11,0.4922985254393683,0.4579665945370992,10.0,0.0,0.5298578199052133,0.0,0.0,10.0,,,,,,,,,,,,,,,,,,
BBLOCK,2,12,0.4756246996808935,0.4717960251172383,10.0,0.0,0.5272511848341233,0.0,0.0,10.0,,,,,,,,,,,,,,,,,,
BBLOCK,2,13,0.4789027836411088,0.5073481611410777,10.0,0.0,0.5258293838862559,0.0,0.0,10.0,,,,,,,,,,,,,,,,,,
BBLOCK,2,14,0.4710603023635016,0.4661973487536112,10.0,0.0,0.518957345971564,0.0,0.0,10.0,,,,,,,,,,,,,,,,,,
BBLOCK,2,15,0.4682924837977797,0.4372902847131093,10.0,0.0,0.519431279620853,0.0,0.0,10.0,,,,,,,,,,,,,,,,,,
BBLOCK,2,16,18769237.387343585,38915698.965333335,10.0,0.0,0.8194312796208532,0.0,0.0,10.0,,,,,,,,,,,,,,,,,,
BBLOCK,2,17,35267630.06814815,64941640.704,10.0,0.0,1.0,0.0,0.0,10.0,,,,,,,,,,,,,,,,,,
BBLOCK,2,18,50556770.625185184,50926512.87466667,10.0,0.0,1.0,0.0,0.0,10.0,,,,,,,,,,,,,,,,,,
BBLOCK,2,19,49066709.504,112324526.72,10.0,0.0,1.0,0.0,0.0,10.0,,,,,,,,,,,,,,,,,,
BBLOCK,2,20,90982531.86844444,85189491.008,10.0,0.0,1.0,0.0,0.0,10.0,,,,,,,,,,,,,,,,,,
BBLOCK,2,21,82430199.98103704,82362464.61866666,10.0,0.0,1.0,0.0,0.0,10.0,,,,,,,,,,,,,,,,,,
BBLOCK,2,22,78861829.97096296,78279083.008,10.0,0.0,0.9744075829383886,0.0,0.0,10.0,,,,,,,,,,,,,,,,,,
BBLOCK,2,23,70300191.05896296,66955912.68266667,10.0,0.0,0.9907582938388626,0.0,0.0,10.0,,,,,,,,,,,,,,,,,,
BBLOCK,2,24,64262574.55407407,64024228.053333335,10.0,0.0,0.9964454976303316,0.0,0.0,10.0,,,,,,,,,,,,,,,,,,
BBLOCK,2,25,61978067.371851854,62131523.776,10.0,0.0,0.9938388625592416,0.0,0.0,10.0,,,,,,,,,,,,,,,,,,
BBLOCK,2,26,59273872.12918519,49444200.59733333,10.0,0.0,0.9860189573459716,0.0,0.0,10.0,,,,,,,,,,,,,,,,,,
BBLOCK,2,27,47584793.40681481,47526464.416,10.0,0.0,1.0,0.0,0.0,10.0,,,,,,,,,,,,,,,,,,
BBLOCK,2,28,46145275.58992592,46286057.52533333,10.0,0.0,0.9981042654028436,0.0,0.0,10.0,,,,,,,,,,,,,,,,,,
BBLOCK,2,29,45043989.61066667,45261074.63466667,10.0,0.0,0.9912322274881517,0.0,0.0,10.0,,,,,,,,,,,,,,,,,,
BBLOCK,2,30,44112647.61125926,44376109.29066667,10.0,0.0,0.9902843601895734,0.0,0.0,10.0,,,,,,,,,,,,,,,,,,
BBLOCK,2,31,43119116.47525926,43300896.917333335,10.0,0.0,0.987914691943128,0.0,0.0,10.0,,,,,,,,,,,,,,,,,,
BBLOCK,2,32,42261147.144296296,42537996.27733333,10.0,0.0,0.9874407582938388,0.0,0.0,10.0,,,,,,,,,,,,,,,,,,
BBLOCK,2,33,41572542.87407407,41881046.93333333,10.0,0.0,0.982701421800948,0.0,0.0,10.0,,,,,,,,,,,,,,,,,,
BBLOCK,2,34,41205014.90488889,41464137.90933333,10.0,0.0,0.99218009478673,0.0,0.0,10.0,,,,,,,,,,,,,,,,,,
BBLOCK,2,35,40505007.96562963,40854162.464,10.0,0.0,0.9886255924170616,0.0,0.0,10.0,,,,,,,,,,,,,,,,,,
BBLOCK,2,36,39950714.13333333,40331933.216,10.0,0.0,0.9838862559241706,0.0,0.0,10.0,,,,,,,,,,,,,,,,,,
BBLOCK,2,37,39465396.762666665,39867337.877333336,10.0,0.0,0.985308056872038,0.0,0.0,10.0,,,,,,,,,,,,,,,,,,
BBLOCK,2,38,38798665.020444445,38981992.30933333,10.0,0.0,0.9881516587677726,0.0,0.0,10.0,,,,,,,,,,,,,,,,,,
BBLOCK,2,39,38128493.22074074,38494763.488,10.0,0.0,0.9843601895734596,0.0,0.0,10.0,,,,,,,,,,,,,,,,,,
BBLOCK,2,40,37479421.68059259,37816229.664,10.0,0.0,0.9962085308056872,0.0,0.0,10.0,,,,,,,,,,,,,,,,,,
BBLOCK,2,41,37052455.328,37454467.41333333,10.0,0.0,0.995734597156398,0.0,0.0,10.0,,,,,,,,,,,,,,,,,,
BBLOCK,2,42,36620237.52651852,36893043.456,10.0,0.0,0.995734597156398,0.0,0.0,10.0,,,,,,,,,,,,,,,,,,
BBLOCK,2,43,36152297.25511111,36559170.03733333,10.0,0.0,0.9917061611374408,0.0,0.0,10.0,,,,,,,,,,,,,,,,,,
BBLOCK,2,44,35630848.85451852,35940104.29866666,10.0,0.0,0.9950236966824644,0.0,0.0,10.0,,,,,,,,,,,,,,,,,,
BBLOCK,2,45,35260315.48325926,35656274.03733333,10.0,0.0,0.9895734597156398,0.0,0.0,10.0,,,,,,,,,,,,,,,,,,
BBLOCK,2,46,35000635.041185185,35411247.46666667,10.0,0.0,0.9919431279620854,0.0,0.0,10.0,,,,,,,,,,,,,,,,,,
BBLOCK,2,47,34771570.62281481,35192349.184,10.0,0.0,0.9876777251184834,0.0,0.0,10.0,,,,,,,,,,,,,,,,,,
BBLOCK,2,48,34564156.869333334,34991892.544,10.0,0.0,0.9883886255924172,0.0,0.0,10.0,,,,,,,,,,,,,,,,,,
BBLOCK,2,49,34374185.361185186,34807487.904,10.0,0.0,0.9888625592417062,0.0,0.0,10.0,,,,,,,,,,,,,,,,,,
BBLOCK,2,50,34198860.53096297,34636503.072,10.0,0.0,0.9893364928909952,0.0,0.0,10.0,,,,,,,,,,,,,,,,,,
BBLOCK,2,51,34036273.75881481,34477724.917333335,10.0,0.0,0.9867298578199052,0.0,0.0,10.0,,,,,,,,,,,,,,,,,,
BBLOCK,2,52,33885130.87051852,34329779.264,10.0,0.0,0.991469194312796,0.0,0.0,10.0,,,,,,,,,,,,,,,,,,
BBLOCK,2,53,33744096.34251852,34191764.75733333,10.0,0.0,0.9848341232227488,0.0,0.0,10.0,,,,,,,,,,,,,,,,,,
BBLOCK,2,54,33370835.184592597,32625736.98133333,10.0,0.0,0.9895734597156398,0.0,0.0,10.0,,,,,,,,,,,,,,,,,,
BBLOCK,2,55,31973256.064592592,32331192.426666666,10.0,0.0,0.999526066350711,0.0,0.0,10.0,,,,,,,,,,,,,,,,,,
BBLOCK,2,56,31761969.46962963,32162894.54933333,10.0,0.0,0.9954976303317536,0.0,0.0,10.0,,,,,,,,,,,,,,,,,,
BBLOCK,2,57,31829508.26962963,32233742.32533333,10.0,0.0,0.995734597156398,0.0,0.0,10.0,,,,,,,,,,,,,,,,,,
BBLOCK,2,58,31687172.104296297,32074136.608,10.0,0.0,0.9912322274881517,0.0,0.0,10.0,,,,,,,,,,,,,,,,,,
BBLOCK,2,59,31542716.59437037,31946720.394666668,10.0,0.0,0.987914691943128,0.0,0.0,10.0,,,,,,,,,,,,,,,,,,
BBLOCK,2,60,31423870.89362963,31837376.11733333,10.0,0.0,0.990521327014218,0.0,0.0,10.0,,,,,,,,,,,,,,,,,,
BBLOCK,2,61,31319813.098074075,31740091.701333333,10.0,0.0,0.9909952606635072,0.0,0.0,10.0,,,,,,,,,,,,,,,,,,
BBLOCK,2,62,31041707.713185184,31299063.968,10.0,0.0,0.9926540284360188,0.0,0.0,10.0,,,,,,,,,,,,,,,,,,
BBLOCK,2,63,30760321.07674074,31157245.6,10.0,0.0,0.9936018957345972,0.0,0.0,10.0,,,,,,,,,,,,,,,,,,
BBLOCK,2,64,30641089.25037037,31054185.856,10.0,0.0,0.9926540284360188,0.0,0.0,10.0,,,,,,,,,,,,,,,,,,
BBLOCK,2,65,30546846.532740746,30968256.202666663,10.0,0.0,0.9950236966824644,0.0,0.0,10.0,,,,,,,,,,,,,,,,,,
BBLOCK,2,66,30059440.697481483,28209591.328,10.0,0.0,0.9919431279620854,0.0,0.0,10.0,,,,,,,,,,,,,,,,,,
BBLOCK,2,67,27109723.83762963,27187450.976,10.0,0.0,1.0,0.0,0.0,10.0,,,,,,,,,,,,,,,,,,
BBLOCK,2,68,26555328.67259259,26835232.128,10.0,0.0,0.999526066350711,0.0,0.0,10.0,,,,,,,,,,,,,,,,,,
BBLOCK,2,69,26282124.159407407,26615115.477333333,10.0,0.0,0.99739336492891,0.0,0.0,10.0,,,,,,,,,,,,,,,,,,
BBLOCK,2,70,26096165.23555556,26454539.73333333,10.0,0.0,0.9962085308056872,0.0,0.0,10.0,,,,,,,,,,,,,,,,,,
BBLOCK,2,71,25955107.68533333,26329001.632,10.0,0.0,0.9978672985781992,0.0,0.0,10.0,,,,,,,,,,,,,,,,,,
BBLOCK,2,72,25842321.04474074,26226518.94933333,10.0,0.0,0.99739336492891,0.0,0.0,10.0,,,,,,,,,,,,,,,,,,
BBLOCK,2,73,25749439.615407407,26141357.744,10.0,0.0,0.9978672985781992,0.0,0.0,10.0,,,,,,,,,,,,,,,,,,
BBLOCK,2,74,25671504.08592593,26069029.978666667,10.0,0.0,0.9943127962085307,0.0,0.0,10.0,,,,,,,,,,,,,,,,,,
BBLOCK,2,75,25580990.96651852,25893519.274666667,10.0,0.0,0.995260663507109,0.0,0.0,10.0,,,,,,,,,,,,,,,,,,
BBLOCK,2,76,25413826.75022222,25794249.808,10.0,0.0,0.995260663507109,0.0,0.0,10.0,,,,,,,,,,,,,,,,,,
BBLOCK,2,77,25339643.952,25731366.736,10.0,0.0,0.9936018957345972,0.0,0.0,10.0,,,,,,,,,,,,,,,,,,
BBLOCK,2,78,25284711.610074077,25681159.882666662,10.0,0.0,0.995734597156398,0.0,0.0,10.0,,,,,,,,,,,,,,,,,,
BBLOCK,2,79,25239729.986962963,25639440.464,10.0,0.0,0.9945497630331752,0.0,0.0,10.0,,,,,,,,,,,,,,,,,,
BBLOCK,2,80,25201949.442962963,25604124.592,10.0,0.0,0.9976303317535544,0.0,0.0,10.0,,,,,,,,,,,,,,,,,,
BBLOCK,2,81,25169788.50251852,25574081.797333334,10.0,0.0,0.9964454976303316,0.0,0.0,10.0,,,,,,,,,,,,,,,,,,
BBLOCK,2,82,25142393.038222224,25548527.290666662,10.0,0.0,0.9926540284360188,0.0,0.0,10.0,,,,,,,,,,,,,,,,,,
BBLOCK,2,83,25119082.480592597,25526789.25333333,10.0,0.0,0.99478672985782,0.0,0.0,10.0,,,,,,,,,,,,,,,,,,
BBLOCK,2,84,25099269.584,25508354.54933333,10.0,0.0,0.99478672985782,0.0,0.0,10.0,,,,,,,,,,,,,,,,,,
BBLOCK,2,85,25082466.693925925,25492726.586666662,10.0,0.0,0.9966824644549764,0.0,0.0,10.0,,,,,,,,,,,,,,,,,,
BBLOCK,2,86,25068275.452444445,25479574.11733333,10.0,0.0,0.995734597156398,0.0,0.0,10.0,,,,,,,,,,,,,,,,,,
BBLOCK,2,87,25056405.009777777,25468673.210666668,10.0,0.0,0.9945497630331752,0.0,0.0,10.0,,,,,,,,,,,,,,,,,,
BBLOCK,2,88,25046622.19733333,25459752.570666667,10.0,0.0,0.99478672985782,0.0,0.0,10.0,,,,,,,,,,,,,,,,,,
BBLOCK,2,89,25038660.151703704,25452547.322666667,10.0,0.0,0.9945497630331752,0.0,0.0,10.0,,,,,,,,,,,,,,,,,,
BBLOCK,2,90,25032267.62133333,25446792.05333333,10.0,0.0,0.9981042654028436,0.0,0.0,10.0,,,,,,,,,,,,,,,,,,
BBLOCK,2,91,25027191.67111111,25442267.386666667,10.0,0.0,0.9954976303317536,0.0,0.0,10.0,,,,,,,,,,,,,,,,,,
BBLOCK,2,92,25023249.860148147,25438801.33333333,10.0,0.0,0.9966824644549764,0.0,0.0,10.0,,,,,,,,,,,,,,,,,,
BBLOCK,2,93,25020266.917925928,25436229.12533333,10.0,0.0,0.9969194312796208,0.0,0.0,10.0,,,,,,,,,,,,,,,,,,
BBLOCK,2,94,25018093.97748148,25434400.186666667,10.0,0.0,0.995260663507109,0.0,0.0,10.0,,,,,,,,,,,,,,,,,,
BBLOCK,2,95,25016586.96355556,25433179.658666667,10.0,0.0,0.9962085308056872,0.0,0.0,10.0,,,,,,,,,,,,,,,,,,
BBLOCK,2,96,25015630.007703703,25432462.56,10.0,0.0,0.9976303317535544,0.0,0.0,10.0,,,,,,,,,,,,,,,,,,
BBLOCK,2,97,25015099.673481483,25432103.072,10.0,0.0,0.9966824644549764,0.0,0.0,10.0,,,,,,,,,,,,,,,,,,
BBLOCK,2,98,25014838.744296297,25431928.821333334,10.0,0.0,0.9945497630331752,0.0,0.0,10.0,,,,,,,,,,,,,,,,,,
BBLOCK,2,99,25014737.88681481,25431896.736,10.0,0.0,0.9962085308056872,0.0,0.0,10.0,,,,,,,,,,,,,,,,,,
BBLOCK,2,100,25014721.71851852,25431896.05333333,10.0,0.0,0.9938388625592416,0.0,0.0,10.0,,,,,,,,,,,,,,,,,,
BDIAG,0,1,0.8027828150148745,0.5050934920310974,,,,,,,0.0,-850888579664.0758,,,,,,,,,,,,,,,,
BDIAG,0,2,0.4526818702397523,0.409506377061208,,,,,,,0.0,-900843233280.0,,,,,,,,,,,,,,,,
BDIAG,0,3,0.4028009530968136,0.4003254451751709,,,,,,,0.0,-943202607773.7252,,,,,,,,,,,,,,,,
BDIAG,0,4,0.3913044195969899,0.3537556993961334,,,,,,,0.0,-955345558853.1564,,,,,,,,,,,,,,,,
BDIAG,0,5,0.3810022821602998,0.3912830878893534,,,,,,,0.0,-986403700231.2795,,,,,,,,,,,,,,,,
BDIAG,0,6,0.3827632482669971,0.3684253360430399,,,,,,,0.0,-997403371529.7062,,,,,,,,,,,,,,,,
BDIAG,0,7,0.3712063567020275,0.3777105508645375,,,,,,,0.0,-999820601353.7062,,,,,,,,,,,,,,,,
BDIAG,0,8,0.3638508809319249,0.3620400986671447,,,,,,,0.0,-999999995904.0,,,,,,,,,,,,,,,,
BDIAG,0,9,0.3570124916942031,0.3478141934871673,,,,,,,0.0,-999999995904.0,,,,,,,,,,,,,,,,
BDIAG,0,10,0.3597996713143808,0.3443125608762105,,,,,,,0.0,-999999995904.0,,,,,,,,,,,,,,,,
BDIAG,0,11,0.3513061139406981,0.3594587961832682,,,,,,,0.0,-999999995904.0,,,,,,,,,,,,,,,,
BDIAG,0,12,0.3587854861330103,0.3506475987434387,,,,,,,0.0,-999999995904.0,,,,,,,,,,,,,,,,
BDIAG,0,13,0.3536086598590568,0.3866062035560608,,,,,,,0.0,-999999995904.0,,,,,,,,,,,,,,,,
BDIAG,0,14,0.3525791864395141,0.3832413064638774,,,,,,,0.0,-999999995904.0,,,,,,,,,,,,,,,,
BDIAG,0,15,0.3461861295788376,0.3470590119361877,,,,,,,0.0,-999999995904.0,,,,,,,,,,,,,,,,
BDIAG,0,16,0.3425589599432768,0.4008774767716725,,,,,,,0.0,-999999995904.0,,,,,,,,,,,,,,,,
BDIAG,0,17,0.3560061166463075,0.4027754745483398,,,,,,,0.0,-999999995904.0,,,,,,,,,,,,,,,,
BDIAG,0,18,0.344171003571263,0.3657094976107279,,,,,,,0.0,-999999995904.0,,,,,,,,,,,,,,,,
BDIAG,0,19,0.345302043279012,0.3308923327922821,,,,,,,0.0,-999999995904.0,,,,,,,,,,,,,,,,
BDIAG,0,20,0.3495681142983613,0.3461957525412241,,,,,,,0.0,-999999995904.0,,,,,,,,,,,,,,,,
BDIAG,0,21,0.3494894664464174,0.3593270960648854,,,,,,,0.0,-999999995904.0,,,,,,,,,,,,,,,,
BDIAG,0,22,0.3504507172637515,0.3617860472202301,,,,,,,0.0,-999999995904.0,,,,,,,,,,,,,,,,
BDIAG,0,23,0.3452309279176924,0.3646272203922271,,,,,,,0.0,-999999995904.0,,,,,,,,,,,,,,,,
BDIAG,0,24,0.3354087610597964,0.3602945760091146,,,,,,,0.0,-999999995904.0,,,,,,,,,,,,,,,,
BDIAG,0,25,0.3430647672105718,0.3350983398358027,,,,,,,0.0,-999999995904.0,,,,,,,,,,,,,,,,
BDIAG,0,26,0.3395661253355168,0.3961525839964548,,,,,,,0.0,-999999995904.0,,,,,,,,,,,,,,,,
BDIAG,0,27,0.3345733088563989,0.3452433586915334,,,,,,,0.0,-999999995904.0,,,,,,,,,,,,,,,,
BDIAG,0,28,0.3429540785109555,0.3569948172569275,,,,,,,0.0,-999999995904.0,,,,,,,,,,,,,,,,
BDIAG,0,29,0.334572978399418,0.3571602059205373,,,,,,,0.0,-999999995904.0,,,,,,,,,,,,,,,,
BDIAG,0,30,0.3304585813063162,0.3693140915234884,,,,,,,0.0,-999999995904.0,,,,,,,,,,,,,,,,
BDIAG,0,31,0.336989801203763,0.3668010982672373,,,,,,,0.0,-999999995904.0,,,,,,,,,,,,,,,,
BDIAG,0,32,0.3322627273577231,0.3635687903563181,,,,,,,0.0,-999999995904.0,,,,,,,,,,,,,,,,
BDIAG,0,33,0.3348559211404235,0.3333045423825582,,,,,,,0.0,-999999995904.0,,,,,,,,,,,,,,,,
BDIAG,0,34,0.327223844051361,0.3453700707753499,,,,,,,0.0,-999999995904.0,,,,,,,,,,,,,,,,
BDIAG,0,35,0.3263090357162334,0.3525239880084991,,,,,,,0.0,-999999995904.0,,,,,,,,,,,,,,,,
BDIAG,0,36,0.3310074089059123,0.350538819471995,,,,,,,0.0,-999999995904.0,,,,,,,,,,,,,,,,
BDIAG,0,37,0.3235903685048774,0.329856060663859,,,,,,,0.0,-999999995904.0,,,,,,,,,,,,,,,,
BDIAG,0,38,0.3271963447111624,0.3511300752957662,,,,,,,0.0,-999999995904.0,,,,,,,,,,,,,,,,
BDIAG,0,39,0.3215970194251449,0.3490805871486663,,,,,,,0.0,-999999995904.0,,,,,,,,,,,,,,,,
BDIAG,0,40,0.3204331894009201,0.3411808390617371,,,,,,,0.0,-999999995904.0,,,,,,,,,,,,,,,,
BDIAG,0,41,0.3220629377983234,0.3461529501279195,,,,,,,0.0,-999999995904.0,,,,,,,,,,,,,,,,
BDIAG,0,42,0.3155685701237784,0.3515905195871989,,,,,,,0.0,-999999995904.0,,,,,,,,,,,,,,,,
BDIAG,0,43,0.3175163548345919,0.3758156267007192,,,,,,,0.0,-999999995904.0,,,,,,,,,,,,,,,,
BDIAG,0,44,0.3107344183480298,0.3262197446028391,,,,,,,0.0,-999999995904.0,,,,,,,,,,,,,,,,
BDIAG,0,45,0.3073972133707117,0.3931995720068613,,,,,,,0.0,-999999995904.0,,,,,,,,,,,,,,,,
BDIAG,0,46,0.3123518158153251,0.3167304186820984,,,,,,,0.0,-999999995904.0,,,,,,,,,,,,,,,,
BDIAG,0,47,0.3066519220316852,0.3513682199319203,,,,,,,0.0,-999999995904.0,,,,,,,,,,,,,,,,
BDIAG,0,48,0.3089184273613823,0.3242530395984649,,,,,,,0.0,-999999995904.0,,,,,,,,,,,,,,,,
BDIAG,0,49,0.2989028736838588,0.3057828596830368,,,,,,,0.0,-999999995904.0,,,,,,,,,,,,,,,,
BDIAG,0,50,0.3030892207799134,0.3318065809408824,,,,,,,0.0,-999999995904.0,,,,,,,,,,,,,,,,
BDIAG,0,51,0.2949065260269023,0.3181445066134135,,,,,,,0.0,-999999995904.0,,,,,,,,,,,,,,,,
BDIAG,0,52,0.2945018696520063,0.3030000654061635,,,,,,,0.0,-999999995904.0,,,,,,,,,,,,,,,,
BDIAG,0,53,0.292231157179232,0.3448180058002472,,,,,,,0.0,-999999995904.0,,,,,,,,,,,,,,,,
BDIAG,0,54,0.2915614209219261,0.304161527633667,,,,,,,0.0,-999999995904.0,,,,,,,,,,,,,,,,
BDIAG,0,55,0.2856604349083371,0.320193879922231,,,,,,,0.0,-999999995904.0,,,,,,,,,,,,,,,,
BDIAG,0,56,0.2819689433221464,0.3136100427309672,,,,,,,0.0,-999999995904.0,,,,,,,,,,,,,,,,
BDIAG,0,57,0.2816469129103201,0.3076826597452163,,,,,,,0.0,-999999995904.0,,,,,,,,,,,,,,,,
BDIAG,0,58,0.2786986554993523,0.3104304203987121,,,,,,,0.0,-999999995904.0,,,,,,,,,,,,,,,,
BDIAG,0,59,0.274157274696562,0.2947448183298111,,,,,,,0.0,-999999995904.0,,,,,,,,,,,,,,,,
BDIAG,0,60,0.2682317427043562,0.3128124801317851,,,,,,,0.0,-999999995904.0,,,,,,,,,,,,,,,,
BDIAG,0,61,0.2694357320467631,0.2909088219006856,,,,,,,0.0,-999999995904.0,,,,,,,,,,,,,,,,
BDIAG,0,62,0.261364127503501,0.3168846015135447,,,,,,,0.0,-999999995904.0,,,,,,,,,,,,,,,,
BDIAG,0,63,0.2693755262825224,0.2982287494341532,,,,,,,0.0,-999999995904.0,,,,,,,,,,,,,,,,
BDIAG,0,64,0.2583259244627423,0.2822060183684031,,,,,,,0.0,-999999995904.0,,,,,,,,,,,,,,,,
BDIAG,0,65,0.2583973372909758,0.3190167315006256,,,,,,,0.0,-999999995904.0,,,,,,,,,,,,,,,,
BDIAG,0,66,0.2557727088177645,0.2818571740786234,,,,,,,0.0,-999999995904.0,,,,,,,,,,,,,,,,
BDIAG,0,67,0.2504688553898422,0.2761165154774984,,,,,,,0.0,-999999995904.0,,,,,,,,,,,,,,,,
BDIAG,0,68,0.2459499699760366,0.2760399919350942,,,,,,,0.0,-999999995904.0,,,,,,,,,,,,,,,,
BDIAG,0,69,0.2391678663845415,0.277595873594284,,,,,,,0.0,-999999995904.0,,,,,,,,,,,,,,,,
BDIAG,0,70,0.2392438965991691,0.3010729420979817,,,,,,,0.0,-999999995904.0,,,,,,,,,,,,,,,,
BDIAG,0,71,0.2344011480764106,0.2672404170831045,,,,,,,0.0,-999999995904.0,,,,,,,,,,,,,,,,
BDIAG,0,72,0.2328906078029562,0.266481317559878,,,,,,,0.0,-999999995904.0,,,,,,,,,,,,,,,,
BDIAG,0,73,0.2288323890809659,0.2916592496236165,,,,,,,0.0,-999999995904.0,,,,,,,,,,,,,,,,
BDIAG,0,74,0.2232528759815074,0.2723250210285187,,,,,,,0.0,-999999995904.0,,,,,,,,,,,,,,,,
BDIAG,0,75,0.2195383262192761,0.261950219074885,,,,,,,0.0,-999999995904.0,,,,,,,,,,,,,,,,
BDIAG,0,76,0.2137299081219567,0.2712414840857188,,,,,,,0.0,-999999995904.0,,,,,,,,,,,,,,,,
BDIAG,0,77,0.2115088804430431,0.2748052128156026,,,,,,,0.0,-999999995904.0,,,,,,,,,,,,,,,,
BDIAG,0,78,0.2051388907167646,0.2910153624216715,,,,,,,0.0,-999999995904.0,,,,,,,,,,,,,,,,
BDIAG,0,79,0.2034806928833325,0.2732429774602254,,,,,,,0.0,-999999995904.0,,,,,,,,,,,,,,,,
BDIAG,0,80,0.1974696860048506,0.2677620486021042,,,,,,,0.0,-999999995904.0,,,,,,,,,,,,,,,,
BDIAG,0,81,0.1904620896401228,0.2523775468667348,,,,,,,0.0,-999999995904.0,,,,,,,,,,,,,,,,
BDIAG,0,82,0.1847171596950954,0.2566102507909139,,,,,,,0.0,-999999995904.0,,,,,,,,,,,,,,,,
BDIAG,0,83,0.1817817551030053,0.2771026784976323,,,,,,,0.0,-999999995904.0,,,,,,,,,,,,,,,,
BDIAG,0,84,0.1780773798448068,0.2645006310542424,,,,,,,0.0,-999999995904.0,,,,,,,,,,,,,,,,
BDIAG,0,85,0.1710158728228675,0.2648326859871546,,,,,,,0.0,-999999995904.0,,,,,,,,,,,,,,,,
BDIAG,0,86,0.1657592193992049,0.2531494141817093,,,,,,,0.0,-999999995904.0,,,,,,,,,,,,,,,,
BDIAG,0,87,0.161838677600578,0.2509159041245778,,,,,,,0.0,-999999995904.0,,,,,,,,,,,,,,,,
BDIAG,0,88,0.1569890799389945,0.2585263395309448,,,,,,,0.0,-999999995904.0,,,,,,,,,,,,,,,,
BDIAG,0,89,0.1521911611777764,0.2542557779153188,,,,,,,0.0,-999999995904.0,,,,,,,,,,,,,,,,
BDIAG,0,90,0.1460832929257993,0.2446501733064651,,,,,,,0.0,-999999995904.0,,,,,,,,,,,,,,,,
BDIAG,0,91,0.1400729402171241,0.2479776386022567,,,,,,,0.0,-999999995904.0,,,,,,,,,,,,,,,,
BDIAG,0,92,0.1359264545484825,0.2517069805860519,,,,,,,0.0,-999999995904.0,,,,,,,,,,,,,,,,
BDIAG,0,93,0.1314887338170298,0.2460302093426386,,,,,,,0.0,-999999995904.0,,,,,,,,,,,,,,,,
BDIAG,0,94,0.1271408649682998,0.2483579655488332,,,,,,,0.0,-999999995904.0,,,,,,,,,,,,,,,,
BDIAG,0,95,0.1239577808137293,0.2522369047005971,,,,,,,0.0,-999999995904.0,,,,,,,,,,,,,,,,
BDIAG,0,96,0.1208686835081489,0.248181320865949,,,,,,,0.0,-999999995904.0,,,,,,,,,,,,,,,,
BDIAG,0,97,0.1182120432699168,0.2451085592508316,,,,,,,0.0,-999999995904.0,,,,,,,,,,,,,,,,
BDIAG,0,98,0.1165053869618309,0.2443230712811152,,,,,,,0.0,-999999995904.0,,,,,,,,,,,,,,,,
BDIAG,0,99,0.1151202495738312,0.2463227715094884,,,,,,,0.0,-999999995904.0,,,,,,,,,,,,,,,,
BDIAG,0,100,0.1143073352729832,0.2455059794982274,,,,,,,0.0,-999999995904.0,,,,,,,,,,,,,,,,
BDIAG,1,1,0.7513209537665049,0.4755770998795827,,,,,,,0.0,-980549046621.4218,,,,,,,,,,,,,,,,
BDIAG,1,2,0.4312132133907742,0.3852821822961171,,,,,,,0.0,-921996306053.4596,,,,,,,,,,,,,,,,
BDIAG,1,3,0.3873884248027095,0.4137335024674733,,,,,,,0.0,-922178945324.891,,,,,,,,,,,,,,,,
BDIAG,1,4,0.373371731404905,0.4229856911500295,,,,,,,0.0,-967982779115.3744,,,,,,,,,,,,,,,,
BDIAG,1,5,0.381348251219149,0.3784752034346262,,,,,,,0.0,-977244273135.0142,,,,,,,,,,,,,,,,
BDIAG,1,6,0.3806541507597323,0.4119507916768392,,,,,,,0.0,-993570542674.5024,,,,,,,,,,,,,,,,
BDIAG,1,7,0.3796586587605653,0.4129407413005829,,,,,,,0.0,-999618151331.7916,,,,,,,,,,,,,,,,
BDIAG,1,8,0.3632083831098344,0.3821862541039785,,,,,,,0.0,-999999995904.0,,,,,,,,,,,,,,,,
BDIAG,1,9,0.3643994926611582,0.3456125640074412,,,,,,,0.0,-999999995904.0,,,,,,,,,,,,,,,,
BDIAG,1,10,0.3572737387992717,0.3672163327534993,,,,,,,0.0,-999999995904.0,,,,,,,,,,,,,,,,
BDIAG,1,11,0.3545590855368861,0.3884556696414947,,,,,,,0.0,-999999995904.0,,,,,,,,,,,,,,,,
BDIAG,1,12,0.3537135991961868,0.3517542477448781,,,,,,,0.0,-999999995904.0,,,,,,,,,,,,,,,,
BDIAG,1,13,0.3468666847546895,0.3560430988470713,,,,,,,0.0,-999999995904.0,,,,,,,,,,,,,,,,
BDIAG,1,14,0.3543035163172969,0.3626674628257751,,,,,,,0.0,-999999995904.0,,,,,,,,,,,,,,,,
BDIAG,1,15,0.3501643197271559,0.399492689927419,,,,,,,0.0,-999999995904.0,,,,,,,,,,,,,,,,
BDIAG,1,16,0.3464769138230217,0.3510597259203593,,,,,,,0.0,-999999995904.0,,,,,,,,,,,,,,,,
BDIAG,1,17,0.3483022289805942,0.3649035118420918,,,,,,,0.0,-999464834518.7488,,,,,,,,,,,,,,,,
BDIAG,1,18,0.3489424401565834,0.3809928408463796,,,,,,,0.0,-999999995904.0,,,,,,,,,,,,,,,,
BDIAG,1,19,0.3514312185711331,0.3562101135253906,,,,,,,0.0,-999999995904.0,,,,,,,,,,,,,,,,
BDIAG,1,20,0.3472015639940897,0.3803183110555013,,,,,,,0.0,-999999995904.0,,,,,,,,,,,,,,,,
BDIAG,1,21,0.3438672348393334,0.3591102194786071,,,,,,,0.0,-999724431311.4692,,,,,,,,,,,,,,,,
BDIAG,1,22,0.348983710915954,0.4042232352892558,,,,,,,0.0,-999999995904.0,,,,,,,,,,,,,,,,
BDIAG,1,23,0.3449717370669047,0.3468566211859385,,,,,,,0.0,-999999995904.0,,,,,,,,,,,,,,,,
BDIAG,1,24,0.3389609732318807,0.3488844516277313,,,,,,,0.0,-999999995904.0,,,,,,,,,,,,,,,,
BDIAG,1,25,0.3379008092438733,0.3869434076150258,,,,,,,0.0,-999646643030.1422,,,,,,,,,,,,,,,,
BDIAG,1,26,0.3419871122395551,0.3354776979287465,,,,,,,0.0,-999999995904.0,,,,,,,,,,,,,,,,
BDIAG,1,27,0.3403849840782307,0.3531538838545481,,,,,,,0.0,-999999995904.0,,,,,,,,,,,,,,,,
BDIAG,1,28,0.3369232878420088,0.3435353548526764,,,,,,,0.0,-999999995904.0,,,,,,,,,,,,,,,,
BDIAG,1,29,0.3383940547925455,0.3375909195741017,,,,,,,0.0,-999999995904.0,,,,,,,,,,,,,,,,
BDIAG,1,30,0.3325850404280203,0.3797036952972412,,,,,,,0.0,-999272284936.4928,,,,,,,,,,,,,,,,
BDIAG,1,31,0.3370731877221001,0.3736173744996389,,,,,,,0.0,-999999995904.0,,,,,,,,,,,,,,,,
BDIAG,1,32,0.3338901582647253,0.320355585416158,,,,,,,0.0,-999999995904.0,,,,,,,,,,,,,,,,
BDIAG,1,33,0.331487155146069,0.3710679999192556,,,,,,,0.0,-999999995904.0,,,,,,,,,,,,,,,,
BDIAG,1,34,0.3296375064496641,0.3293878016471863,,,,,,,0.0,-997572382972.3602,,,,,,,,,,,,,,,,
BDIAG,1,35,0.3261074444761982,0.3268041055202484,,,,,,,0.0,-998291058202.692,,,,,,,,,,,,,,,,
BDIAG,1,36,0.3255263270801968,0.3685685843626658,,,,,,,0.0,-999999995904.0,,,,,,,,,,,,,,,,
BDIAG,1,37,0.3196928209022239,0.3584818908373515,,,,,,,0.0,-999126574181.9148,,,,,,,,,,,,,,,,
BDIAG,1,38,0.3283614973536244,0.3412690834999084,,,,,,,0.0,-999039134715.147,,,,,,,,,,,,,,,,
BDIAG,1,39,0.3214042503745468,0.3258080445130666,,,,,,,0.0,-999097378825.7062,,,,,,,,,,,,,,,,
BDIAG,1,40,0.322654630864108,0.3423203669389089,,,,,,,0.0,-998948476995.9432,,,,,,,,,,,,,,,,
BDIAG,1,41,0.3110092894236246,0.328820028146108,,,,,,,0.0,-999099618541.8008,,,,,,,,,,,,,,,,
BDIAG,1,42,0.3152657578874517,0.3449537386894226,,,,,,,0.0,-996836321134.4076,,,,,,,,,,,,,,,,
BDIAG,1,43,0.3091610679361555,0.3372284619808197,,,,,,,0.0,-999999995904.0,,,,,,,,,,,,,,,,
BDIAG,1,44,0.3068580255066907,0.3574652850627899,,,,,,,0.0,-999662061849.4786,,,,,,,,,,,,,,,,
BDIAG,1,45,0.3058900801870558,0.3558579548199971,,,,,,,0.0,-999507396889.4786,,,,,,,,,,,,,,,,
BDIAG,1,46,0.3071093173027038,0.3048766229947408,,,,,,,0.0,-999576273983.09,,,,,,,,,,,,,,,,
BDIAG,1,47,0.3060575287430375,0.3422339319388072,,,,,,,0.0,-999999995904.0,,,,,,,,,,,,,,,,
BDIAG,1,48,0.30102041582708,0.3231321660677592,,,,,,,0.0,-999915364701.4218,,,,,,,,,,,,,,,,
BDIAG,1,49,0.2994331194559733,0.3356782099405924,,,,,,,0.0,-999596296318.18,,,,,,,,,,,,,,,,
BDIAG,1,50,0.2986345719849622,0.3329272869427999,,,,,,,0.0,-998512146538.7678,,,,,,,,,,,,,,,,
BDIAG,1,51,0.298037911635858,0.3102357539335886,,,,,,,0.0,-997479491904.3032,,,,,,,,,,,,,,,,
BDIAG,1,52,0.2882445118736337,0.3428374048074086,,,,,,,0.0,-997301457381.308,,,,,,,,,,,,,,,,
BDIAG,1,53,0.291941763498165,0.3390258507728577,,,,,,,0.0,-997581307205.1564,,,,,,,,,,,,,,,,
BDIAG,1,54,0.2849896089942367,0.3396268967787424,,,,,,,0.0,-999999995904.0,,,,,,,,,,,,,,,,
BDIAG,1,55,0.284208273825822,0.3637848607699076,,,,,,,0.0,-997668046818.8816,,,,,,,,,,,,,,,,
BDIAG,1,56,0.2869837447625619,0.3119454458554586,,,,,,,0.0,-997297921931.526,,,,,,,,,,,,,,,,
BDIAG,1,57,0.2791535788818642,0.2941210361321767,,,,,,,0.0,-990613730347.6776,,,,,,,,,,,,,,,,
BDIAG,1,58,0.2765187216952995,0.3086918921470642,,,,,,,0.0,-996252406245.308,,,,,,,,,,,,,,,,
BDIAG,1,59,0.2741505959387179,0.320096701780955,,,,,,,0.0,-998315211169.3647,,,,,,,,,,,,,,,,
BDIAG,1,60,0.2694690633791464,0.3269231861432393,,,,,,,0.0,-997011895339.6776,,,,,,,,,,,,,,,,
BDIAG,1,61,0.2648929948850914,0.283671812693278,,,,,,,0.0,-994452431857.4408,,,,,,,,,,,,,,,,
BDIAG,1,62,0.2641374138372915,0.2989619959990183,,,,,,,0.0,-996458434424.1138,,,,,,,,,,,,,,,,
BDIAG,1,63,0.261018526509956,0.3022226484616597,,,,,,,0.0,-994014898573.9526,,,,,,,,,,,,,,,,
BDIAG,1,64,0.2566785046303714,0.2917270088990529,,,,,,,0.0,-992710463429.7632,,,,,,,,,,,,,,,,
BDIAG,1,65,0.2531586444554505,0.2744347647825877,,,,,,,0.0,-992289552102.5214,,,,,,,,,,,,,,,,
BDIAG,1,66,0.246284175047168,0.2799782250722249,,,,,,,0.0,-996599783074.5782,,,,,,,,,,,,,,,,
BDIAG,1,67,0.2475535768844463,0.3212304759820302,,,,,,,0.0,-988612219831.2036,,,,,,,,,,,,,,,,
BDIAG,1,68,0.2426749087704552,0.3124710408051808,,,,,,,0.0,-990814759154.654,,,,,,,,,,,,,,,,
BDIAG,1,69,0.2372975432298801,0.2842163087129593,,,,,,,0.0,-994004839710.3318,,,,,,,,,,,,,,,,
BDIAG,1,70,0.2360944022602505,0.2933268889586131,,,,,,,0.0,-987164688384.0,,,,,,,,,,,,,,,,
BDIAG,1,71,0.2297068176092924,0.3158879431088765,,,,,,,0.0,-988845439005.1184,,,,,,,,,,,,,,,,
BDIAG,1,72,0.2273043513607096,0.2783487091064453,,,,,,,0.0,-986875522586.692,,,,,,,,,,,,,,,,
BDIAG,1,73,0.2195110875677179,0.2790590145587921,,,,,,,0.0,-991098151572.0188,,,,,,,,,,,,,,,,
BDIAG,1,74,0.2186605171362559,0.2793131126562754,,,,,,,0.0,-993463429673.2512,,,,,,,,,,,,,,,,
BDIAG,1,75,0.215851997256279,0.2630806815624237,,,,,,,0.0,-989678137246.9384,,,,,,,,,,,,,,,,
BDIAG,1,76,0.2064584809674157,0.2771347344319025,,,,,,,0.0,-987194895626.9194,,,,,,,,,,,,,,,,
BDIAG,1,77,0.2040868119796117,0.25738130458196,,,,,,,0.0,-990020262421.8387,,,,,,,,,,,,,,,,
BDIAG,1,78,0.2010691540726908,0.2726730213960012,,,,,,,0.0,-986527853563.147,,,,,,,,,,,,,,,,
BDIAG,1,79,0.1960578785913962,0.2729006944497426,,,,,,,0.0,-986972066393.782,,,,,,,,,,,,,,,,
BDIAG,1,80,0.1897407646046744,0.261825897137324,,,,,,,0.0,-984320087277.8008,,,,,,,,,,,,,,,,
BDIAG,1,81,0.1839787734040507,0.2523703000545502,,,,,,,0.0,-985293113392.5308,,,,,,,,,,,,,,,,
BDIAG,1,82,0.1798005208770434,0.2679027569293976,,,,,,,0.0,-978432064526.5592,,,,,,,,,,,,,,,,
BDIAG,1,83,0.1738292564330277,0.2624764360586802,,,,,,,0.0,-974034625055.545,,,,,,,,,,,,,,,,
BDIAG,1,84,0.1675787290158095,0.2427713343699773,,,,,,,0.0,-976829150853.4596,,,,,,,,,,,,,,,,
BDIAG,1,85,0.1655336663060718,0.2422821682691574,,,,,,,0.0,-969836323747.7916,,,,,,,,,,,,,,,,
BDIAG,1,86,0.155800469495632,0.2470273654063542,,,,,,,0.0,-946261707635.2606,,,,,,,,,,,,,,,,
BDIAG,1,87,0.15174228226697,0.2536719493865967,,,,,,,0.0,-981445285490.0474,,,,,,,,,,,,,,,,
BDIAG,1,88,0.1462054858869976,0.2585082751909892,,,,,,,0.0,-979781663098.5404,,,,,,,,,,,,,,,,
BDIAG,1,89,0.143521442523709,0.2485326362848282,,,,,,,0.0,-950346921702.5214,,,,,,,,,,,,,,,,
BDIAG,1,90,0.1368086186691566,0.2412262847423553,,,,,,,0.0,-964065341925.308,,,,,,,,,,,,,,,,
BDIAG,1,91,0.1314649537669287,0.2366271343628565,,,,,,,0.0,-974066359737.6304,,,,,,,,,,,,,,,,
BDIAG,1,92,0.1261970671900996,0.2432331072886784,,,,,,,0.0,-956671624837.4596,,,,,,,,,,,,,,,,
BDIAG,1,93,0.1224197785942642,0.2387435419162114,,,,,,,0.0,-957506980179.7156,,,,,,,,,,,,,,,,
BDIAG,1,94,0.1176631865214418,0.2377916232347488,,,,,,,0.0,-973720896419.7916,,,,,,,,,,,,,,,,
BDIAG,1,95,0.1145780715721624,0.235997438510259,,,,,,,0.0,-967409134703.6208,,,,,,,,,,,,,,,,
BDIAG,1,96,0.1115188865882379,0.2366799319585164,,,,,,,0.0,-954055956159.6968,,,,,,,,,,,,,,,,
BDIAG,1,97,0.1089516173071331,0.2377027708689371,,,,,,,0.0,-969082789460.929,,,,,,,,,,,,,,,,
BDIAG,1,98,0.1071881543397903,0.2359259890317916,,,,,,,0.0,-967106533327.4692,,,,,,,,,,,,,,,,
BDIAG,1,99,0.1057326633819827,0.2349959574143091,,,,,,,0.0,-944414886130.654,,,,,,,,,,,,,,,,
BDIAG,1,100,0.1050500637557771,0.2353404681682586,,,,,,,0.0,-948105722331.602,,,,,,,,,,,,,,,,
BDIAG,2,1,0.8056837516978935,0.4698332667350769,,,,,,,0.0,-853240774219.2228,,,,,,,,,,,,,,,,
BDIAG,2,2,0.437784928533766,0.3791410719553629,,,,,,,0.0,-868482669650.5023,,,,,,,,,,,,,,,,
BDIAG,2,3,0.3895807931069974,0.3628133596579234,,,,,,,0.0,-935494541273.1754,,,,,,,,,,,,,,,,
BDIAG,2,4,0.3756664174397786,0.3684744874636332,,,,,,,0.0,-970301372600.4172,,,,,,,,,,,,,,,,
BDIAG,2,5,0.3663831188502135,0.3524935613473256,,,,,,,0.0,-988420771898.2368,,,,,,,,,,,,,,,,
BDIAG,2,6,0.3818329392362524,0.4577253829638163,,,,,,,0.0,-999999995904.0,,,,,,,,,,,,,,,,
BDIAG,2,7,0.3684685027422728,0.4220502625306447,,,,,,,0.0,-999999995904.0,,,,,,,,,,,,,,,,
BDIAG,2,8,0.3713412977412895,0.4021466478506724,,,,,,,0.0,-999999995904.0,,,,,,,,,,,,,,,,
BDIAG,2,9,0.3612141855116244,0.3720571684837341,,,,,,,0.0,-999999995904.0,,,,,,,,,,,,,,,,
BDIAG,2,10,0.3624254988740991,0.3677967756589254,,,,,,,0.0,-999999995904.0,,,,,,,,,,,,,,,,
BDIAG,2,11,0.3579602726256405,0.3347038230895996,,,,,,,0.0,-999999995904.0,,,,,,,,,,,,,,,,
BDIAG,2,12,0.3540092201586123,0.375084335565567,,,,,,,0.0,-999999995904.0,,,,,,,,,,,,,,,,
BDIAG,2,13,0.3506393409746665,0.4066663523515065,,,,,,,0.0,-999999995904.0,,,,,,,,,,,,,,,,
BDIAG,2,14,0.3551973617871602,0.3420263775984446,,,,,,,0.0,-999999995904.0,,,,,,,,,,,,,,,,
BDIAG,2,15,0.3547991222275628,0.3656082355976104,,,,,,,0.0,-999999995904.0,,,,,,,,,,,,,,,,
BDIAG,2,16,0.3524366925469151,0.3943162645498911,,,,,,,0.0,-999999995904.0,,,,,,,,,,,,,,,,
BDIAG,2,17,0.3523116464879777,0.3513386696179708,,,,,,,0.0,-999999995904.0,,,,,,,,,,,,,,,,
BDIAG,2,18,0.3485359122311627,0.4329920055866241,,,,,,,0.0,-999999995904.0,,,,,,,,,,,,,,,,
BDIAG,2,19,0.3538051640457577,0.3584916687011719,,,,,,,0.0,-999999995904.0,,,,,,,,,,,,,,,,
BDIAG,2,20,0.3526683351198832,0.3495444557666778,,,,,,,0.0,-999999995904.0,,,,,,,,,,,,,,,,
BDIAG,2,21,0.3512914998619644,0.3717719915707906,,,,,,,0.0,-999999995904.0,,,,,,,,,,,,,,,,
BDIAG,2,22,0.3479275558348055,0.35545907441775,,,,,,,0.0,-999999995904.0,,,,,,,,,,,,,,,,
BDIAG,2,23,0.3444545234927424,0.3483003945350647,,,,,,,0.0,-999999995904.0,,,,,,,,,,,,,,,,
BDIAG,2,24,0.3423072096065239,0.3811683452129364,,,,,,,0.0,-999999995904.0,,,,,,,,,,,,,,,,
BDIAG,2,25,0.3478719794132091,0.3472981448968251,,,,,,,0.0,-999999995904.0,,,,,,,,,,,,,,,,
BDIAG,2,26,0.3368777798016866,0.3648500033219655,,,,,,,0.0,-999999995904.0,,,,,,,,,,,,,,,,
BDIAG,2,27,0.3377120727344795,0.4074432818889618,,,,,,,0.0,-999999995904.0,,,,,,,,,,,,,,,,
BDIAG,2,28,0.3399495229985979,0.340371241013209,,,,,,,0.0,-999999995904.0,,,,,,,,,,,,,,,,
BDIAG,2,29,0.3376736382555078,0.3853370681603749,,,,,,,0.0,-999999995904.0,,,,,,,,,,,,,,,,
BDIAG,2,30,0.3313866381203686,0.3786587284406026,,,,,,,0.0,-999999995904.0,,,,,,,,,,,,,,,,
BDIAG,2,31,0.3353017647531297,0.3389399947325389,,,,,,,0.0,-999999995904.0,,,,,,,,,,,,,,,,
BDIAG,2,32,0.3345060534830447,0.3191078872680664,,,,,,,0.0,-999999995904.0,,,,,,,,,,,,,,,,
BDIAG,2,33,0.3325342024608894,0.346182634194692,,,,,,,0.0,-999999995904.0,,,,,,,,,,,,,,,,
BDIAG,2,34,0.3318406048880683,0.3702379322052002,,,,,,,0.0,-999999995904.0,,,,,,,,,,,,,,,,
BDIAG,2,35,0.3290681938330332,0.3407255565325419,,,,,,,0.0,-999999995904.0,,,,,,,,,,,,,,,,
BDIAG,2,36,0.3299826576003322,0.3728541028499603,,,,,,,0.0,-999999995904.0,,,,,,,,,,,,,,,,
BDIAG,2,37,0.3257101649001793,0.3600342610677083,,,,,,,0.0,-999999995904.0,,,,,,,,,,,,,,,,
BDIAG,2,38,0.3262335567650971,0.3270974507331848,,,,,,,0.0,-999999995904.0,,,,,,,,,,,,,,,,
BDIAG,2,39,0.3227159292786209,0.342139928261439,,,,,,,0.0,-999999995904.0,,,,,,,,,,,,,,,,
BDIAG,2,40,0.3234942584037781,0.3580598621368408,,,,,,,0.0,-999999995904.0,,,,,,,,,,,,,,,,
BDIAG,2,41,0.3228252158164978,0.312668262720108,,,,,,,0.0,-999999995904.0,,,,,,,,,,,,,,,,
BDIAG,2,42,0.3165648462639914,0.3554706787268321,,,,,,,0.0,-999999995904.0,,,,,,,,,,,,,,,,
BDIAG,2,43,0.3215281763518298,0.3121007249355316,,,,,,,0.0,-999999995904.0,,,,,,,,,,,,,,,,
BDIAG,2,44,0.3110550750096639,0.3418688272635142,,,,,,,0.0,-999999995904.0,,,,,,,,,,,,,,,,
BDIAG,2,45,0.3099766779917258,0.3211860656738281,,,,,,,0.0,-999999995904.0,,,,,,,,,,,,,,,,
BDIAG,2,46,0.3028000957259425,0.3214996303717295,,,,,,,0.0,-999999995904.0,,,,,,,,,,,,,,,,
BDIAG,2,47,0.3079698226716783,0.3190702229340871,,,,,,,0.0,-999999995904.0,,,,,,,,,,,,,,,,
BDIAG,2,48,0.3016168922230049,0.3351901705265045,,,,,,,0.0,-999999995904.0,,,,,,,,,,,,,,,,
BDIAG,2,49,0.304510870858475,0.3698321821689606,,,,,,,0.0,-999999995904.0,,,,,,,,,,,,,,,,
BDIAG,2,50,0.3037121702123571,0.323573403596878,,,,,,,0.0,-999999995904.0,,,,,,,,,,,,,,,,
BDIAG,2,51,0.2962881151040395,0.3309556212425232,,,,,,,0.0,-999999995904.0,,,,,,,,,,,,,,,,
BDIAG,2,52,0.2932232236420666,0.3221069846947988,,,,,,,0.0,-999999995904.0,,,,,,,,,,,,,,,,
BDIAG,2,53,0.2918789180208135,0.3127845142682393,,,,,,,0.0,-999999995904.0,,,,,,,,,,,,,,,,
BDIAG,2,54,0.2886554472799654,0.3267597053448359,,,,,,,0.0,-999999995904.0,,,,,,,,,,,,,,,,
BDIAG,2,55,0.2869211137029859,0.2942959276835123,,,,,,,0.0,-999999995904.0,,,,,,,,,,,,,,,,
BDIAG,2,56,0.2815209686491224,0.301241620739301,,,,,,,0.0,-999999995904.0,,,,,,,,,,,,,,,,
BDIAG,2,57,0.2802286507818434,0.3059670469760894,,,,,,,0.0,-999999995904.0,,,,,,,,,,,,,,,,
BDIAG,2,58,0.2796936281787024,0.2998516312440236,,,,,,,0.0,-999999995904.0,,,,,,,,,,,,,,,,
BDIAG,2,59,0.272228548253024,0.316939303557078,,,,,,,0.0,-999999995904.0,,,,,,,,,,,,,,,,
BDIAG,2,60,0.272025331514853,0.3063317526976267,,,,,,,0.0,-999999995904.0,,,,,,,,,,,,,,,,
BDIAG,2,61,0.2707414915296766,0.2999034383296967,,,,,,,0.0,-999999995904.0,,,,,,,,,,,,,,,,
BDIAG,2,62,0.2621894164085388,0.3019959822495778,,,,,,,0.0,-999999995904.0,,,,,,,,,,,,,,,,
BDIAG,2,63,0.2620965922232027,0.2852424888213475,,,,,,,0.0,-999999995904.0,,,,,,,,,,,,,,,,
BDIAG,2,64,0.2612621536299034,0.283371720790863,,,,,,,0.0,-999999995904.0,,,,,,,,,,,,,,,,
BDIAG,2,65,0.2523463429080115,0.2917789531548818,,,,,,,0.0,-999999995904.0,,,,,,,,,,,,,,,,
BDIAG,2,66,0.2497407313894342,0.2900502955913543,,,,,,,0.0,-999999995904.0,,,,,,,,,,,,,,,,
BDIAG,2,67,0.2465569539909009,0.2829618218739827,,,,,,,0.0,-999999995904.0,,,,,,,,,,,,,,,,
BDIAG,2,68,0.2455263099758713,0.2756406937440236,,,,,,,0.0,-999999995904.0,,,,,,,,,,,,,,,,
BDIAG,2,69,0.2429572914794639,0.2840577011903127,,,,,,,0.0,-999999995904.0,,,,,,,,,,,,,,,,
BDIAG,2,70,0.2345360422487612,0.2815722758769989,,,,,,,0.0,-999999995904.0,,,,,,,,,,,,,,,,
BDIAG,2,71,0.2378689941079528,0.2978802451292673,,,,,,,0.0,-999999995904.0,,,,,,,,,,,,,,,,
BDIAG,2,72,0.2272146298090616,0.2758728140592575,,,,,,,0.0,-999999995904.0,,,,,,,,,,,,,,,,
BDIAG,2,73,0.2249268195452513,0.29275517141819,,,,,,,0.0,-999999995904.0,,,,,,,,,,,,,,,,
BDIAG,2,74,0.2226201644826818,0.2688436774810155,,,,,,,0.0,-999999995904.0,,,,,,,,,,,,,,,,
BDIAG,2,75,0.2170398286625191,0.2735552133719126,,,,,,,0.0,-999999995904.0,,,,,,,,,,,,,,,,
BDIAG,2,76,0.2113077458187386,0.2734790869951248,,,,,,,0.0,-999999995904.0,,,,,,,,,,,,,,,,
BDIAG,2,77,0.2076153142982059,0.2678255497217178,,,,,,,0.0,-999999995904.0,,,,,,,,,,,,,,,,
BDIAG,2,78,0.1990210778889832,0.2719256966114044,,,,,,,0.0,-999999995904.0,,,,,,,,,,,,,,,,
BDIAG,2,79,0.1938831240159494,0.2629691454966863,,,,,,,0.0,-999999995904.0,,,,,,,,,,,,,,,,
BDIAG,2,80,0.1904644379085964,0.2597314649820327,,,,,,,0.0,-999999995904.0,,,,,,,,,,,,,,,,
BDIAG,2,81,0.1866193941964043,0.2803629766305288,,,,,,,0.0,-999999995904.0,,,,,,,,,,,,,,,,
BDIAG,2,82,0.1810245796751093,0.2808254453341166,,,,,,,0.0,-999999995904.0,,,,,,,,,,,,,,,,
BDIAG,2,83,0.1744873531438686,0.2517816943327586,,,,,,,0.0,-999999995904.0,,,,,,,,,,,,,,,,
BDIAG,2,84,0.1729826662319677,0.2546633485158284,,,,,,,0.0,-999999995904.0,,,,,,,,,,,,,,,,
BDIAG,2,85,0.1643847802104773,0.2728201114734014,,,,,,,0.0,-999999995904.0,,,,,,,,,,,,,,,,
BDIAG,2,86,0.160831881849854,0.2484921900431315,,,,,,,0.0,-999999995904.0,,,,,,,,,,,,,,,,
BDIAG,2,87,0.1533670610498499,0.2448407693306605,,,,,,,0.0,-999999995904.0,,,,,,,,,,,,,,,,
BDIAG,2,88,0.1484282763313364,0.2521105213165283,,,,,,,0.0,-999999995904.0,,,,,,,,,,,,,,,,
BDIAG,2,89,0.1450717037916183,0.2493881785074869,,,,,,,0.0,-999999995904.0,,,,,,,,,,,,,,,,
BDIAG,2,90,0.1374159282004391,0.2533640955686569,,,,,,,0.0,-999999995904.0,,,,,,,,,,,,,,,,
BDIAG,2,91,0.1350394652706605,0.2478061383167902,,,,,,,0.0,-999999995904.0,,,,,,,,,,,,,,,,
BDIAG,2,92,0.129849494519057,0.2527277113199234,,,,,,,0.0,-999999995904.0,,,,,,,,,,,,,,,,
BDIAG,2,93,0.1245521314453195,0.2494914474487304,,,,,,,0.0,-999999995904.0,,,,,,,,,,,,,,,,
BDIAG,2,94,0.1206743049974794,0.2447464751799901,,,,,,,0.0,-999999995904.0,,,,,,,,,,,,,,,,
BDIAG,2,95,0.1181189726701489,0.2408997693459192,,,,,,,0.0,-999999995904.0,,,,,,,,,,,,,,,,
BDIAG,2,96,0.1148693854764655,0.2440065712134043,,,,,,,0.0,-999999995904.0,,,,,,,,,,,,,,,,
BDIAG,2,97,0.1123764529713877,0.2438299260934193,,,,,,,0.0,-999999995904.0,,,,,,,,,,,,,,,,
BDIAG,2,98,0.1104928219561223,0.2420557956298192,,,,,,,0.0,-999999995904.0,,,,,,,,,,,,,,,,
BDIAG,2,99,0.109216466418019,0.2434202497005462,,,,,,,0.0,-999999995904.0,,,,,,,,,,,,,,,,
BDIAG,2,100,0.108457262357076,0.2427457472483317,,,,,,,0.0,-999999995904.0,,,,,,,,,,,,,,,,
GBLOCK,0,1,2.2996272864871554,2.290389525095622,10.0,0.0,0.0,10.0,0.0,0.0,,,,,,,,,,,,,,,,,,
GBLOCK,0,2,1.5891603516649315,0.7058576788902283,10.0,0.2936018957345971,0.2936018957345971,7.063981042654029,0.0,2.936018957345972,,,,,,,,,,,,,,,,,,
GBLOCK,0,3,0.6105859963628981,0.5054358325004578,10.0,0.4,0.4,6.0,0.0,4.0,,,,,,,,,,,,,,,,,,
GBLOCK,0,4,0.4938757674340848,0.4458182056744893,10.0,0.4,0.4,6.0,0.0,4.0,,,,,,,,,,,,,,,,,,
GBLOCK,0,5,0.4301947651969062,0.4142611172199249,10.0,0.4,0.4,6.0,0.0,4.0,,,,,,,,,,,,,,,,,,
GBLOCK,0,6,0.3915269668190567,0.4041363282998403,10.0,0.4,0.4,6.0,0.0,4.0,,,,,,,,,,,,,,,,,,
GBLOCK,0,7,0.3631795722996747,0.3782802645365397,10.0,0.3997630331753555,0.3997630331753555,6.002369668246446,0.0,3.9976303317535535,,,,,,,,,,,,,,,,,,
GBLOCK,0,8,0.3459974641270107,0.3625264716148376,10.0,0.399526066350711,0.3992890995260663,6.004739336492891,0.0,3.995260663507109,,,,,,,,,,,,,,,,,,
GBLOCK,0,9,0.3324090253600368,0.3290126119454701,10.0,0.3191943127962085,0.3191943127962085,6.808056872037914,0.0,3.191943127962085,,,,,,,,,,,,,,,,,,
GBLOCK,0,10,0.3183047436961421,0.3482319608529409,10.0,0.312085308056872,0.3118483412322275,6.87914691943128,0.0,3.1208530805687205,,,,,,,,,,,,,,,,,,
GBLOCK,0,11,0.313689982899913,0.3377857768535614,10.0,0.3561611374407583,0.3559241706161138,6.438388625592417,0.0,3.561611374407583,,,,,,,,,,,,,,,,,,
GBLOCK,0,12,0.3059213824007246,0.3162202439308166,10.0,0.3165876777251185,0.3154028436018957,6.834123222748815,0.0,3.1658767772511847,,,,,,,,,,,,,,,,,,
GBLOCK,0,13,0.2974578230822527,0.3168199009895324,10.0,0.3253554502369668,0.3248815165876777,6.746445497630332,0.0,3.2535545023696684,,,,,,,,,,,,,,,,,,
GBLOCK,0,14,0.2937002313269509,0.3229736727078756,10.0,0.4002369668246445,0.3988151658767773,5.997630331753554,0.0,4.002369668246446,,,,,,,,,,,,,,,,,,
GBLOCK,0,15,0.2893743064403534,0.3050113141536713,10.0,0.3488151658767772,0.3488151658767772,6.511848341232228,0.0,3.488151658767773,,,,,,,,,,,,,,,,,,
GBLOCK,0,16,0.2821138744089339,0.311586053053538,10.0,0.3,0.3,7.0,0.0,3.0,,,,,,,,,,,,,,,,,,
GBLOCK,0,17,0.2778570155788351,0.3055133741696675,10.0,0.3040284360189573,0.3037914691943127,6.959715639810427,0.0,3.040284360189573,,,,,,,,,,,,,,,,,,
GBLOCK,0,18,0.2728237517409854,0.3051780834197998,10.0,0.3030805687203791,0.3030805687203791,6.969194312796208,0.0,3.030805687203792,,,,,,,,,,,,,,,,,,
GBLOCK,0,19,0.2697082745410777,0.2943105903466542,10.0,0.3023696682464455,0.3018957345971563,6.976303317535545,0.0,3.023696682464455,,,,,,,,,,,,,,,,,,
GBLOCK,0,20,0.2652226675439764,0.2882893189589182,10.0,0.3535545023696682,0.3528436018957346,6.464454976303317,0.0,3.5355450236966823,,,,,,,,,,,,,,,,,,
GBLOCK,0,21,0.263604512475155,0.3152336410681406,10.0,0.3272511848341232,0.3272511848341232,6.727488151658768,0.0,3.272511848341232,,,,,,,,,,,,,,,,,,
GBLOCK,0,22,0.258475336489854,0.2969271692434946,10.0,0.3068720379146919,0.3063981042654028,6.931279620853081,0.0,3.0687203791469195,,,,,,,,,,,,,,,,,,
GBLOCK,0,23,0.2556568556052667,0.3035051129659017,10.0,0.3118483412322275,0.3116113744075829,6.881516587677726,0.0,3.118483412322275,,,,,,,,,,,,,,,,,,
GBLOCK,0,24,0.2510158270244245,0.2896294004917145,10.0,0.3035545023696682,0.3033175355450237,6.964454976303317,0.0,3.0355450236966823,,,,,,,,,,,,,,,,,,
GBLOCK,0,25,0.2476360405815972,0.3041884994506836,10.0,0.3016587677725118,0.3011848341232227,6.983412322274882,0.0,3.0165876777251186,,,,,,,,,,,,,,,,,,
GBLOCK,0,26,0.2451928215380068,0.2780891857941945,10.0,0.3191943127962085,0.3184834123222749,6.808056872037914,0.0,3.191943127962085,,,,,,,,,,,,,,,,,,
GBLOCK,0,27,0.2412137168910768,0.2936873072783152,10.0,0.3504739336492891,0.35,6.495260663507109,0.0,3.504739336492891,,,,,,,,,,,,,,,,,,
GBLOCK,0,28,0.2396364792099705,0.2924126178423563,10.0,0.383175355450237,0.381042654028436,6.168246445497631,0.0,3.8317535545023698,,,,,,,,,,,,,,,,,,
GBLOCK,0,29,0.234477383269204,0.2702295334339142,10.0,0.3317535545023696,0.3317535545023696,6.682464454976303,0.0,3.3175355450236967,,,,,,,,,,,,,,,,,,
GBLOCK,0,30,0.230010214055026,0.2848308198451996,10.0,0.30260663507109,0.30260663507109,6.9739336492891,0.0,3.0260663507109005,,,,,,,,,,,,,,,,,,
GBLOCK,0,31,0.2269255382749769,0.2886627652645111,10.0,0.3187203791469194,0.3172985781990521,6.812796208530806,0.0,3.1872037914691944,,,,,,,,,,,,,,,,,,
GBLOCK,0,32,0.2237482169204288,0.2762010639508565,10.0,0.3199052132701421,0.3184834123222749,6.800947867298579,0.0,3.199052132701422,,,,,,,,,,,,,,,,,,
GBLOCK,0,33,0.2201359017778326,0.273434376279513,10.0,0.3196682464454976,0.3187203791469194,6.803317535545023,0.0,3.1966824644549763,,,,,,,,,,,,,,,,,,
GBLOCK,0,34,0.2173035761073783,0.2615338662862778,10.0,0.3229857819905213,0.3220379146919431,6.770142180094787,0.0,3.229857819905213,,,,,,,,,,,,,,,,,,
GBLOCK,0,35,0.2131779647491596,0.2659233559767405,10.0,0.378436018957346,0.3781990521327014,6.2156398104265405,0.0,3.78436018957346,,,,,,,,,,,,,,,,,,
GBLOCK,0,36,0.2088865262005064,0.2701184757947922,10.0,0.3393364928909952,0.3383886255924171,6.606635071090047,0.0,3.393364928909953,,,,,,,,,,,,,,,,,,
GBLOCK,0,37,0.2048330873162658,0.2652389059861501,10.0,0.3191943127962085,0.3184834123222749,6.808056872037914,0.0,3.191943127962085,,,,,,,,,,,,,,,,,,
GBLOCK,0,38,0.2024675177556497,0.269344266851743,10.0,0.4161137440758293,0.4146919431279621,5.838862559241706,0.0,4.161137440758294,,,,,,,,,,,,,,,,,,
GBLOCK,0,39,0.1992345923891774,0.2704480032523473,10.0,0.4130331753554502,0.411611374407583,5.869668246445498,0.0,4.130331753554502,,,,,,,,,,,,,,,,,,
GBLOCK,0,40,0.1953785695323237,0.2606536364952723,10.0,0.3319905213270142,0.3319905213270142,6.680094786729858,0.0,3.3199052132701423,,,,,,,,,,,,,,,,,,
GBLOCK,0,41,0.1917017932953658,0.2577285327116648,10.0,0.3210900473933649,0.3208530805687204,6.789099526066351,0.0,3.2109004739336493,,,,,,,,,,,,,,,,,,
GBLOCK,0,42,0.1892996580026767,0.2557855504353841,10.0,0.3658767772511848,0.3646919431279621,6.341232227488152,0.0,3.658767772511848,,,,,,,,,,,,,,,,,,
GBLOCK,0,43,0.1871067842951527,0.2605601547161738,10.0,0.3755924170616114,0.3746445497630332,6.244075829383887,0.0,3.755924170616114,,,,,,,,,,,,,,,,,,
GBLOCK,0,44,0.1843420103832527,0.2582757784922918,10.0,0.4414691943127962,0.4409952606635071,5.585308056872038,0.0,4.414691943127962,,,,,,,,,,,,,,,,,,
GBLOCK,0,45,0.18119468345907,0.2622025044759115,10.0,0.3950236966824645,0.3947867298578199,6.049763033175355,0.0,3.9502369668246446,,,,,,,,,,,,,,,,,,
GBLOCK,0,46,0.1788093635373645,0.2543031174341837,10.0,0.4255924170616114,0.4246445497630332,5.744075829383887,0.0,4.2559241706161135,,,,,,,,,,,,,,,,,,
GBLOCK,0,47,0.1774721532795164,0.2561519602934519,10.0,0.435781990521327,0.4348341232227488,5.64218009478673,0.0,4.35781990521327,,,,,,,,,,,,,,,,,,
GBLOCK,0,48,0.1757947819100486,0.2553347100019455,10.0,0.4090047393364929,0.407345971563981,5.909952606635071,0.0,4.090047393364929,,,,,,,,,,,,,,,,,,
GBLOCK,0,49,0.1745623386700948,0.2538094481627146,10.0,0.326303317535545,0.3253554502369668,6.73696682464455,0.0,3.2630331753554502,,,,,,,,,,,,,,,,,,
GBLOCK,0,50,0.1739169370863172,0.2536264406442642,10.0,0.4113744075829383,0.4104265402843602,5.886255924170616,0.0,4.113744075829384,,,,,,,,,,,,,,,,,,
GLRD,0,1,1.7601775866084628,0.8677617173194885,,,,0.0142180094786729,0.0,0.985781990521327,,,0.0142180094786729,0.985781990521327,0.985781990521327,10.71495610216052,1343.0018933892816,,,,,,,,,,,
GLRD,0,2,0.6670451997474388,0.5510916167894999,,,,0.0,0.0,1.0,,,0.0,1.0,1.0,10.865080584164794,1121.419737793258,,,,,,,,,,,
GLRD,0,3,0.5177698992976436,0.4576309969425201,,,,0.0,0.0,1.0,,,0.0,1.0,1.0,10.905998932905998,835.5183321333609,,,,,,,,,,,
GLRD,0,4,0.4411006048961922,0.4040294770399729,,,,0.0,0.0,1.0,,,0.0,1.0,1.0,10.947142149680406,697.5728567403639,,,,,,,,,,,
GLRD,0,5,0.3928494536876678,0.3937793580691019,,,,0.0,0.0,1.0,,,0.0,1.0,1.0,10.988398796440814,574.9549620931183,,,,,,,,,,,
GLRD,0,6,0.3627111237049102,0.3741935105323791,,,,0.0,0.0,1.0,,,0.0,1.0,1.0,11.02986651616527,489.533536612705,,,,,,,,,,,
GLRD,0,7,0.3415594968530867,0.3593746541341145,,,,0.0,0.0,1.0,,,0.0,1.0,1.0,11.071477177629252,482.8555632315541,,,,,,,,,,,
GLRD,0,8,0.3253260746532016,0.3346747020880381,,,,0.0,0.0,1.0,,,0.0,1.0,1.0,11.113259343900545,470.4378137633699,,,,,,,,,,,
GLRD,0,9,0.3133933409055074,0.3135839693546295,,,,0.0,0.0,1.0,,,0.0,1.0,1.0,11.155230610014732,469.7220072452491,,,,,,,,,,,
GLRD,0,10,0.3014945450491375,0.3257891265551249,,,,0.0,0.0,1.0,,,0.0,1.0,1.0,11.197333413742598,453.5883657446405,,,,,,,,,,,
GLRD,0,11,0.2931745756820396,0.3195429990291595,,,,0.0,0.0,1.0,,,0.0,1.0,1.0,11.23966103068811,473.1650523325843,,,,,,,,,,,
GLRD,0,12,0.2877658247771086,0.3094309723377227,,,,0.0,0.0,1.0,,,0.0,1.0,1.0,11.28209706246176,492.5532682156676,,,,,,,,,,,
GLRD,0,13,0.2789701710718649,0.2977972820599874,,,,0.0,0.0,1.0,,,0.0,1.0,1.0,11.32477447113632,495.18891451144106,,,,,,,,,,,
GLRD,0,14,0.2731374470348711,0.3046383105913798,,,,0.0,0.0,1.0,,,0.0,1.0,1.0,11.367554480725085,490.88177624019966,,,,,,,,,,,
GLRD,0,15,0.2709639918274349,0.2913789673646291,,,,0.0,0.0,1.0,,,0.0,1.0,1.0,11.410577435041654,543.1417390723929,,,,,,,,,,,
GLRD,0,16,0.2656945093384495,0.2879399354457855,,,,0.0,0.0,1.0,,,0.0,1.0,1.0,11.453710679185807,540.9005866751287,,,,,,,,,,,
GLRD,0,17,0.2611384835199073,0.2955622034867604,,,,0.0,0.0,1.0,,,0.0,1.0,1.0,11.497075665645832,546.2911297766518,,,,,,,,,,,
GLRD,0,18,0.2545291211958285,0.2939958389600118,,,,0.0,0.0,1.0,,,0.0,1.0,1.0,11.54056907359369,547.5031582439116,,,,,,,,,,,
GLRD,0,19,0.2521889675546575,0.2872576698462168,,,,0.0,0.0,1.0,,,0.0,1.0,1.0,11.584275340080328,580.6864870261242,,,,,,,,,,,
GLRD,0,20,0.2462637019598925,0.2730937978029251,,,,0.0,0.0,1.0,,,0.0,1.0,1.0,11.628134715925516,599.2720357162692,,,,,,,,,,,
GLRD,0,21,0.2439868386056688,0.2810835614999135,,,,0.0,0.0,1.0,,,0.0,1.0,1.0,11.672183284060823,625.6906567252643,,,,,,,,,,,
GLRD,0,22,0.2404839504030015,0.282205330769221,,,,0.0,0.0,1.0,,,0.0,1.0,1.0,11.716412060331486,651.2992967723105,,,,,,,,,,,
GLRD,0,23,0.2362737164320769,0.2971980961958567,,,,0.0,0.0,1.0,,,0.0,1.0,1.0,11.76080595564204,660.5503556310283,,,,,,,,,,,
GLRD,0,24,0.2311489648200847,0.2728618187904358,,,,0.0,0.0,1.0,,,0.0,1.0,1.0,11.805404660386126,687.6235052172042,,,,,,,,,,,
GLRD,0,25,0.2274878511958652,0.2870530367692311,,,,0.0,0.0,1.0,,,0.0,1.0,1.0,11.850149614523978,703.9805993175055,,,,,,,,,,,
GLRD,0,26,0.224032491741357,0.2712416939735412,,,,0.0,0.0,1.0,,,0.0,1.0,1.0,11.895117860238509,750.3863614339964,,,,,,,,,,,
GLRD,0,27,0.2210905983094815,0.2667779218753179,,,,0.0,0.0,1.0,,,0.0,1.0,1.0,11.940219646220095,799.0821865136024,,,,,,,,,,,
GLRD,0,28,0.2179341117761753,0.2837387204170227,,,,0.0,0.0,1.0,,,0.0,1.0,1.0,11.985557906567594,850.1703207730117,,,,,,,,,,,
GLRD,0,29,0.2130764082052089,0.262789427836736,,,,0.0,0.0,1.0,,,0.0,1.0,1.0,12.031022377785956,849.6570419383839,,,,,,,,,,,
GLRD,0,30,0.2089172429464481,0.2712358234326045,,,,0.0,0.0,1.0,,,0.0,1.0,1.0,12.07673125846402,883.7075340668737,,,,,,,,,,,
GLRD,0,31,0.204679521675463,0.2646131804386775,,,,0.0,0.0,1.0,,,0.0,1.0,1.0,12.122562433870556,913.8582600236504,,,,,,,,,,,
GLRD,0,32,0.2009006127604732,0.2611479151248932,,,,0.0,0.0,1.0,,,0.0,1.0,1.0,12.168642850520442,988.1919614240456,,,,,,,,,,,
GLRD,0,33,0.1972357367365448,0.2627436108986536,,,,0.0,0.0,1.0,,,0.0,1.0,1.0,12.214845400645784,1009.0588718793967,,,,,,,,,,,
GLRD,0,34,0.1936666176363274,0.2515976184209187,,,,0.0,0.0,1.0,,,0.0,1.0,1.0,12.261298291396066,1102.9471315501426,,,,,,,,,,,
GLRD,0,35,0.1887463208701875,0.2605991243521372,,,,0.0,0.0,1.0,,,0.0,1.0,1.0,12.307877905318987,1128.1752256420552,,,,,,,,,,,
GLRD,0,36,0.1840471783567357,0.2661741782426834,,,,0.0,0.0,1.0,,,0.0,1.0,1.0,12.35470348903145,1128.5289998709873,,,,,,,,,,,
GLRD,0,37,0.1810651788821926,0.2595378827651342,,,,0.0,0.0,1.0,,,0.0,1.0,1.0,12.401665762472108,1272.2687692506618,,,,,,,,,,,
GLRD,0,38,0.17684692118786,0.2565021215279897,,,,0.0,0.0,1.0,,,0.0,1.0,1.0,12.448863345566243,1274.7949309868836,,,,,,,,,,,
GLRD,0,39,0.1733599038256539,0.2541686745087306,,,,0.0,0.0,1.0,,,0.0,1.0,1.0,12.496214885014297,1346.3134110437186,,,,,,,,,,,
GLRD,0,40,0.1695095064154377,0.2558799996773402,,,,0.0,0.0,1.0,,,0.0,1.0,1.0,12.543782461142962,1424.922421857644,,,,,,,,,,,
GLRD,0,41,0.1655269698169496,0.2556001638174057,,,,0.0,0.0,1.0,,,0.0,1.0,1.0,12.591532289795156,1489.245145680215,,,,,,,,,,,
GLRD,0,42,0.1623095592172057,0.2527425766785939,,,,0.0,0.0,1.0,,,0.0,1.0,1.0,12.6394676056281,1538.873780381623,,,,,,,,,,,
GLRD,0,43,0.1597253357436922,0.254759691119194,,,,0.0,0.0,1.0,,,0.0,1.0,1.0,12.68762338769801,1659.625683825163,,,,,,,,,,,
GLRD,0,44,0.1563025763343881,0.251293788989385,,,,0.0,0.0,1.0,,,0.0,1.0,1.0,12.735927142582304,1734.2691410299726,,,,,,,,,,,
GLRD,0,45,0.1535894049273596,0.2579241904020309,,,,0.0,0.0,1.0,,,0.0,1.0,1.0,12.78449092783991,1766.580719572673,,,,,,,,,,,
GLRD,0,46,0.151042920200913,0.2497002927064895,,,,0.0,0.0,1.0,,,0.0,1.0,1.0,12.833167277304916,1832.945980777108,,,,,,,,,,,
GLRD,0,47,0.1494330642907707,0.2503113720417023,,,,0.0,0.0,1.0,,,0.0,1.0,1.0,12.882140047393747,1996.2483506044505,,,,,,,,,,,
GLRD,0,48,0.1478346480396059,0.2498509840170542,,,,0.0,0.0,1.0,,,0.0,1.0,1.0,12.931196451376518,2005.044433304484,,,,,,,,,,,
GLRD,0,49,0.1465246642695533,0.2488637661536534,,,,0.0,0.0,1.0,,,0.0,1.0,1.0,12.980574760998866,1805.4810099669544,,,,,,,,,,,
GLRD,0,50,0.1458655684347506,0.2484184612830479,,,,0.0,0.0,1.0,,,0.0,1.0,1.0,13.030022292034523,1839.912884029732,,,,,,,,,,,
R1,0,1,0.7982200340429941,0.471663682937622,,,,,,,,,,,,,,0.0,-83.0537890381091,1.0,19159584.68864692,268620256.9299884,61862708559178.04,16019.14820891522,0.0415155509472106,5.038656169240103,,
R1,0,2,0.4498137673801846,0.3990861919720967,,,,,,,,,,,,,,0.0,-100.177787911939,1.0,23160681.649325017,203473899.40759996,47042840089158.35,19414.494994803525,0.0413471310592759,5.023016144300621,,
R1,0,3,0.3993397869622266,0.3757515556812286,,,,,,,,,,,,,,0.0,-123.55234352018977,1.0,28578097.82725147,308635213.1588635,71388918674538.78,24043.7246462188,0.0411796444366055,5.004596925161832,,
R1,0,4,0.3806424260625133,0.3632761305967967,,,,,,,,,,,,,,0.0,-147.7279902216963,1.0,34180027.70646201,439780722.5309906,101753288149514.9,28866.175532194997,0.041012626645806,4.985519692893537,,
R1,0,5,0.3804397423267364,0.3814820373058319,,,,,,,,,,,,,,0.0,-154.228636168545,1.0,35692580.013614364,480935594.5720018,111302565491770.48,30261.085696424,0.0408465303720966,4.9662439221883705,,
R1,0,6,0.3894302317919554,0.3708638954957326,,,,,,,,,,,,,,0.0,-156.87699714898042,1.0,36306697.65812061,499936103.0675293,115702892729144.34,30912.15011149458,0.0406809606859834,4.946648993175719,,
R1,0,7,0.3754053118273064,0.3583845771948497,,,,,,,,,,,,,,0.0,-171.51013167179482,1.0,39687654.26332895,601154993.5910832,139110519971908.92,33937.80647200525,0.0405161915435045,4.926880446013385,,
R1,0,8,0.3708922229431293,0.3739447703361511,,,,,,,,,,,,,,0.0,-168.3391407348855,1.0,38954807.77397162,586434218.3707453,135705774005306.08,33446.82202689222,0.0403521066711795,4.907178104565792,,
R1,0,9,0.3714251089625888,0.3649469851652781,,,,,,,,,,,,,,0.0,-166.90197199551974,1.0,38618342.562811226,582259905.223342,134728370889377.8,33304.71693302802,0.0401886393942503,4.887584981544636,,
R1,0,10,0.3667666467737268,0.3599691353638967,,,,,,,,,,,,,,0.0,-164.66810697796274,1.0,38097588.49244901,562044003.1382624,130036584331744.88,32998.64280756148,0.0400260110535929,4.868000924412572,,
R1,0,11,0.3686165087841175,0.413912904659907,,,,,,,,,,,,,,0.0,-159.78758722749888,1.0,36967117.7889109,541690720.535119,125326167749362.52,32155.520011173023,0.0398638629654609,4.848479686868134,,
R1,0,12,0.3617011508765044,0.345772331237793,,,,,,,,,,,,,,0.0,-163.1903286576098,1.0,37752959.544543386,566774494.817377,131123581648657.16,32980.47874400578,0.0397026393682726,4.829183240084119,,
R1,0,13,0.3580745096648181,0.3549264628887176,,,,,,,,,,,,,,0.0,-166.75658164289376,1.0,38582691.113053285,597369401.808865,138217411415051.95,33841.39894929327,0.0395418354774192,4.8102362436714685,,
R1,0,14,0.3558986678476686,0.3775729388395945,,,,,,,,,,,,,,0.0,-167.50390290683603,1.0,38752301.35275111,603729827.9741538,139677202828356.86,34137.444061488255,0.039381973733825,4.791261897309931,,
R1,0,15,0.3531569187641143,0.3624106916586558,,,,,,,,,,,,,,0.0,-165.27827057783213,1.0,38243471.23169618,592670436.004725,137139971265155.92,33824.4067746478,0.0392225289288819,4.772478717415245,,
R1,0,16,0.3470855708475466,0.404154406785965,,,,,,,,,,,,,,0.0,-173.8984718568393,1.0,40245024.91884877,657612742.1402485,152194378798083.16,35734.94815078123,0.0390639932886246,4.753689545495722,,
R1,0,17,0.3550693456243585,0.3872650114695231,,,,,,,,,,,,,,0.0,-157.07521688945536,1.0,36352245.16270692,547372197.9664127,126685373290494.05,32416.191558217324,0.0389059186865733,4.7350972719914255,,
R1,0,18,0.3502225568647737,0.3855644543170929,,,,,,,,,,,,,,0.0,-161.71254316352167,1.0,37433949.03087339,585255204.9024274,135481641295991.05,33514.05131919284,0.0387486831315102,4.716613203128667,,
R1,0,19,0.3496444429379922,0.341625839471817,,,,,,,,,,,,,,0.0,-161.40758518770812,1.0,37361374.5474405,582979748.8152939,134949124732734.86,33592.78477495752,0.0385919789952453,4.697999309057312,,
R1,0,20,0.3439320715268453,0.3624932477474212,,,,,,,,,,,,,,0.0,-161.88286164202165,1.0,37472898.292504825,590017534.6829598,136583903597537.4,33834.22043527164,0.038436022400856,4.6794381010021695,,
R1,0,21,0.3512395854437792,0.3787870790958405,,,,,,,,,,,,,,0.0,-152.97920889451888,1.0,35419075.19104565,530062939.50074846,122727821170960.86,32112.35922855264,0.0382806823195294,4.6615490853768815,,
R1,0,22,0.3467640487529613,0.3382872769832611,,,,,,,,,,,,,,0.0,-160.75295540542126,1.0,37232600.19704752,593246774.614214,137407918746255.12,33880.49127383113,0.038125992524551,4.643763375716059,,
R1,0,23,0.353752904759513,0.3594573061466217,,,,,,,,,,,,,,0.0,-150.06699015544643,1.0,34767468.818047814,520760566.0268485,120655192881758.34,31761.89552483506,0.0379720030292387,4.626046970444158,,
R1,0,24,0.3500397863211455,0.3607247405846913,,,,,,,,,,,,,,0.0,-149.15330572038417,1.0,34567654.68238694,519315714.83343935,120360199758940.52,31704.359679093137,0.0378185781054733,4.608498113445267,,
R1,0,25,0.3466980284761499,0.3625538092454274,,,,,,,,,,,,,,0.0,-154.31699011309436,1.0,35778255.82845165,562704641.5864477,130469905962800.95,32937.69804383992,0.0376659166909033,4.5910369928991335,,
R1,0,26,0.3448342699827971,0.3310837496916453,,,,,,,,,,,,,,0.0,-147.52727856423755,1.0,34219862.48232473,513221665.768912,119049683998713.44,31620.75780454098,0.0375137576058596,4.573728994081918,,
R1,0,27,0.3421818655640991,0.4013371034463247,,,,,,,,,,,,,,0.0,-156.6355351515425,1.0,36336853.22000849,592634138.3562475,137489632835933.44,33718.55023753222,0.0373624022929899,4.556341079927173,,
R1,0,28,0.3404825184610155,0.3272439594268799,,,,,,,,,,,,,,0.0,-146.5530403837366,1.0,34013091.309147745,515451939.0319577,119636098201698.06,31679.801885965426,0.0372115067674122,4.539001092560461,,
R1,0,29,0.3411528417004479,0.408690286397934,,,,,,,,,,,,,,0.0,-146.55920644055143,1.0,34015371.51884805,523700054.6707321,121554905438223.44,31821.22034664639,0.0370614359936406,4.521638898599133,,
R1,0,30,0.339403755735468,0.3697587842146556,,,,,,,,,,,,,,0.0,-145.3231576786679,1.0,33746203.18497688,514338377.0111288,119441575450901.08,31674.71665166203,0.0369118010910366,4.50435265979787,,
R1,0,31,0.3412271961900923,0.3453908437887827,,,,,,,,,,,,,,0.0,-146.94546309866962,1.0,34125693.1963933,536717521.2556669,124654033115389.98,32171.53886015765,0.0367629999114621,4.4872845241987545,,
R1,0,32,0.3351458070543077,0.3482280948162078,,,,,,,,,,,,,,0.0,-144.72170222543627,1.0,33631461.48902437,520986931.2959175,121075946008155.4,31813.339450931417,0.0366146214596887,4.470355255742915,,
R1,0,33,0.3339919989462252,0.3517453649044036,,,,,,,,,,,,,,0.0,-141.3589784810837,1.0,32863585.413608715,506020269.14127433,117648589797191.0,31204.25801312504,0.0364670731848286,4.45371013451169,,
R1,0,34,0.3348533286871733,0.3474282694657644,,,,,,,,,,,,,,0.0,-138.1605645448816,1.0,32133209.593182307,480275792.5604007,111712222354517.44,30631.902927909738,0.0363199467789196,4.437296845782239,,
R1,0,35,0.3287582755662777,0.3464309001763662,,,,,,,,,,,,,,0.0,-141.8338678552894,1.0,33008889.53239544,510631223.3369615,118844858071624.52,31568.510562193413,0.0361736319718822,4.420615775824052,,
R1,0,36,0.3307505481684649,0.3508572069009145,,,,,,,,,,,,,,0.0,-139.7983838723611,1.0,32536701.814731583,504120409.5699657,117338901227781.66,31259.189645805585,0.0360277553041053,4.403962344978715,,
R1,0,37,0.3234876177664156,0.329823805252711,,,,,,,,,,,,,,0.0,-140.3591882458121,1.0,32694175.77029554,511682783.7091542,119199489205238.88,31500.586489080957,0.0358826554109973,4.387391733087741,,
R1,0,38,0.3268336319835098,0.3347934432824452,,,,,,,,,,,,,,0.0,-133.92727693657886,1.0,31198587.060790934,469267012.0405768,109324033153272.2,30191.77439513144,0.0357380286948121,4.370674750334208,,
R1,0,39,0.3244866890024255,0.3280138643582662,,,,,,,,,,,,,,0.0,-132.5958350677214,1.0,30894272.022586517,463868522.910252,108089920584512.86,30023.95668128782,0.0355941226405482,4.354087344690014,,
R1,0,40,0.3236936367617713,0.3378945471445719,,,,,,,,,,,,,,0.0,-126.56264756086247,1.0,29506159.74036409,423476345.02878255,98732164927276.3,28769.821731360524,0.0354507496348469,4.337691593156042,,
R1,0,41,0.3179906681643592,0.344153591076533,,,,,,,,,,,,,,0.0,-134.1922858417008,1.0,31297323.71564197,478262484.5945063,111552989986476.48,30626.23833928515,0.0353080098186772,4.321169119365226,,
R1,0,42,0.3212722130439899,0.3357810488541921,,,,,,,,,,,,,,0.0,-125.28005906373744,1.0,29224915.731685977,421228643.235537,98270849392568.0,28714.116105072382,0.035165894464139,4.304606245604556,,
R1,0,43,0.3224300692699574,0.3248205026785533,,,,,,,,,,,,,,0.0,-124.1192697813977,1.0,28954436.500751916,420804005.47262686,98174694030849.31,28572.673393677305,0.0350242983454795,4.2881047798322856,,
R1,0,44,0.3121264161445476,0.3492169554233551,,,,,,,,,,,,,,0.0,-124.77893372319905,1.0,29126839.67066797,426917166.9007313,99665435720371.3,28834.645822957635,0.0348834354069925,4.271679339372284,,
R1,0,45,0.3054879554068601,0.395624458471934,,,,,,,,,,,,,,0.0,-131.7535796381529,1.0,30771468.58300397,479265782.7530108,111946241630504.48,30563.625838910182,0.0347429774652689,4.255322377729534,,
R1,0,46,0.3125244959990183,0.3334415402412414,,,,,,,,,,,,,,0.0,-122.29516110695958,1.0,28550143.353156347,421117749.558809,98328492348285.1,28507.33730056287,0.0346033515949403,4.238952686028308,,
R1,0,47,0.309321793547383,0.3728176678816477,,,,,,,,,,,,,,0.0,-115.225251572777,1.0,26910551.73228188,370539781.2006411,86546279453628.78,26968.620087585543,0.0344640293180733,4.222717792642528,,
R1,0,48,0.3050698998857427,0.3059897560278574,,,,,,,,,,,,,,0.0,-118.34352993672988,1.0,27639646.96979363,393740408.4580425,91971389544794.95,27822.44281290848,0.0343256162058922,4.206621869061787,,
R1,0,49,0.3051323360072241,0.3183370711008708,,,,,,,,,,,,,,0.0,-111.7080799249572,1.0,26106561.382007923,356480141.4194475,83318778589578.45,26362.86317458257,0.0341874392849902,4.190474112412972,,
R1,0,50,0.299135595480601,0.3361514468193054,,,,,,,,,,,,,,0.0,-115.63117701004128,1.0,27025452.03765583,385384363.6176218,90085898761481.62,27402.99888517782,0.0340502053979904,4.174315212685416,,
R1,0,51,0.2989396056422481,0.3096021385192871,,,,,,,,,,,,,,0.0,-112.74245562355313,1.0,26355461.24234385,367650805.8948209,85959486253225.08,26835.945601510528,0.0339131943716421,4.158457240247459,,
R1,0,52,0.2953923721931599,0.3185107007821401,,,,,,,,,,,,,,0.0,-112.37935629768548,1.0,26294268.08862441,368549194.7189426,86244159064235.23,26843.070589770505,0.0337770953293769,4.142660579124743,,
R1,0,53,0.2912028570616686,0.3350851452350616,,,,,,,,,,,,,,0.0,-111.117248951587,1.0,25995363.76147732,363434876.26916033,85030267650865.4,26663.050329540984,0.033641282487836,4.12687247058231,,
R1,0,54,0.2900258079104953,0.3092984004020691,,,,,,,,,,,,,,0.0,-106.20518525910026,1.0,24857606.92436206,332890353.1225283,77924366717438.11,25589.09671507108,0.0335062591779616,4.1111508988388,,
R1,0,55,0.2870564889863685,0.3041621063550313,,,,,,,,,,,,,,0.0,-105.1004684047652,1.0,24605578.22324577,331108878.2591468,77527306220896.16,25425.480780888367,0.0333716897714522,4.095466050918554,,
R1,0,56,0.2829814661034831,0.2976158125400543,,,,,,,,,,,,,,0.0,-106.7465789089112,1.0,25009967.020937413,342698770.93991226,80301609555564.4,25923.082089924123,0.0332376754030196,4.080093087719961,,
R1,0,57,0.2799065222828476,0.3189878265857696,,,,,,,,,,,,,,0.0,-100.63809583287502,1.0,23583050.51868062,304976578.9546927,71472547771691.3,24548.97422252976,0.0331043613533819,4.064886445130808,,
R1,0,58,0.2822242025710918,0.3338519123395284,,,,,,,,,,,,,,0.0,-95.9388276059064,1.0,22494203.12364517,282791895.75582564,66317014172711.26,23497.707172454757,0.0329713641633628,4.049663019054613,,
R1,0,59,0.2772881545799749,0.3297823504606882,,,,,,,,,,,,,,0.0,-95.78457674102644,1.0,22466082.010693908,282105703.3609925,66177695586660.73,23559.10946609155,0.0328392561885618,4.034545580981415,,
R1,0,60,0.2728909077820954,0.3077258648475011,,,,,,,,,,,,,,0.0,-96.27103282459196,1.0,22591544.09371297,286684626.33955646,67286199713257.484,23775.83761849668,0.0327073315463542,4.019541703071666,,
R1,0,61,0.2715110564540933,0.2926795868078867,,,,,,,,,,,,,,0.0,-88.58181327848804,1.0,20796453.928447347,245475188.45534483,57637419007862.17,21968.89658009276,0.0325763474549016,4.004510129585099,,
R1,0,62,0.2708520271645652,0.2890293978850047,,,,,,,,,,,,,,0.0,-90.0776570047724,1.0,21154749.115872853,257334069.6451136,60445594355291.96,22436.31144706659,0.0324455711324888,3.989716132525885,,
R1,0,63,0.2650490230719248,0.3015498067537943,,,,,,,,,,,,,,0.0,-88.38433096549021,1.0,20768597.3793332,248686751.8485925,58444962098487.484,22102.672873558127,0.0323156083303113,3.974769784556481,,
R1,0,64,0.2619011618914427,0.3055290539264679,,,,,,,,,,,,,,0.0,-86.44116999168853,1.0,20327693.164083023,240683939.27114287,56607806358414.17,21698.304674546704,0.0321860695558209,3.9598782964660986,,
R1,0,65,0.2560508697871809,0.2935135336716969,,,,,,,,,,,,,,0.0,-87.55340653380522,1.0,20607251.88479936,248802072.57855907,58565422963738.08,22057.909011464068,0.0320570180283503,3.9451187929033713,,
R1,0,66,0.256080453466486,0.3021924021244049,,,,,,,,,,,,,,0.0,-81.31887076187815,1.0,19141904.33044033,217143737.1321562,51124841640686.58,20581.91709202932,0.0319287278959828,3.930376030051953,,
R1,0,67,0.2505015552706188,0.2940128719011942,,,,,,,,,,,,,,0.0,-79.68406840224384,1.0,18774754.46857696,209272909.71622983,49314010311513.41,20241.395807489607,0.0318006442261551,3.9156949061779,,
R1,0,68,0.2457997210820516,0.2906294004122416,,,,,,,,,,,,,,0.0,-79.70406109764417,1.0,18779778.78735175,212093822.3419758,49979692134750.57,20338.18744904827,0.0316734992208019,3.901070678307812,,
R1,0,69,0.2439260864875934,0.2900049225886663,,,,,,,,,,,,,,0.0,-74.40253960711985,1.0,17544622.40860733,184401154.357556,43489802312542.88,19056.338990966527,0.0315465053038064,3.8863754735175977,,
R1,0,70,0.2401649945797743,0.2916238845189412,,,,,,,,,,,,,,0.0,-73.19676793333633,1.0,17264958.991138242,179741844.42303562,42400960776926.06,18827.802569819123,0.0314203537279559,3.871745798585526,,
R1,0,71,0.2328438859383265,0.2841610753536224,,,,,,,,,,,,,,0.0,-72.84100029788526,1.0,17192749.116237827,179701905.10849425,42420235125451.66,18807.294138555317,0.0312945879274799,3.857219369731893,,
R1,0,72,0.2298071352817394,0.291733191649119,,,,,,,,,,,,,,0.0,-69.37460791936648,1.0,16382387.150107564,163981353.57638854,38730345331106.05,17986.37385155878,0.031169278402116,3.8427545037148167,,
R1,0,73,0.2268983916971418,0.277919896086057,,,,,,,,,,,,,,0.0,-67.42236674101066,1.0,15926819.233426632,156793799.06560206,37044635677593.055,17552.672098236955,0.0310447564528834,3.828209617987421,,
R1,0,74,0.2241060146269975,0.272312449892362,,,,,,,,,,,,,,0.0,-62.22875086177199,1.0,14708885.459186409,134301613.3655222,31749301254260.074,16265.051291463287,0.0309203818470126,3.8137754752136255,,
R1,0,75,0.2176911083592309,0.2671560405890147,,,,,,,,,,,,,,0.0,-63.5825217130174,1.0,15038015.401040504,140764378.10542414,33299421480561.098,16681.859605329046,0.0307969485559771,3.799420611274437,,
R1,0,76,0.2129635848248446,0.2769568640788396,,,,,,,,,,,,,,0.0,-61.62605434494144,1.0,14579175.466646545,134357302.37327105,31791546680412.97,16237.457675916408,0.0306736994090002,3.785012838029704,,
R1,0,77,0.2109641282161077,0.2675153346856435,,,,,,,,,,,,,,0.0,-55.79365606899615,1.0,13210263.7453777,109794914.76738694,25998990412404.65,14756.463155194557,0.0305511344344385,3.770749089826269,,
R1,0,78,0.2085765793500123,0.2681999791065851,,,,,,,,,,,,,,0.0,-51.677444958519175,1.0,12232961.028691208,96135986.01925404,22762395082309.453,13733.518921423023,0.0304291416079767,3.75654700626564,,
R1,0,79,0.2024703509984193,0.2669763263463974,,,,,,,,,,,,,,0.0,-51.76735636821249,1.0,12266063.345102174,97208126.87032104,23036791096055.387,13804.716413629912,0.0303073792323883,3.742330076103209,,
R1,0,80,0.1963527728893138,0.2647766248385111,,,,,,,,,,,,,,0.0,-52.34419372868327,1.0,12410634.067152925,100127684.52017055,23742713793325.47,14010.890143116783,0.030186546137256,3.728171541661982,,
R1,0,81,0.1918917950259314,0.2726587483088175,,,,,,,,,,,,,,0.0,-48.18437615535091,1.0,11426236.281832818,85233961.76871306,20216014095632.21,12955.045037040643,0.0300658234553916,3.714101925139289,,
R1,0,82,0.1893783795877739,0.2490035867293675,,,,,,,,,,,,,,0.0,-43.925895846454935,1.0,10422722.972836323,71750841.32162869,17028821259176.742,11856.33793289022,0.029945881857026,3.700049402655469,,
R1,0,83,0.1838620434337192,0.2568533332745234,,,,,,,,,,,,,,0.0,-43.29831967229999,1.0,10275278.064975925,71170692.51588564,16895136866764.68,11736.912867688225,0.0298264043465737,3.6860179035894585,,
R1,0,84,0.1766165319327955,0.2517467493613561,,,,,,,,,,,,,,0.0,-42.11474573057818,1.0,10001014.59865569,66368691.68994949,15762840187509.477,11459.43724216588,0.0297071928406505,3.6719777381597134,,
R1,0,85,0.170853772079503,0.2460917412042617,,,,,,,,,,,,,,0.0,-39.93141295786151,1.0,9484986.697633011,60292210.72625045,14322751810752.08,10911.19661896731,0.0295888961322846,3.658047521765944,,
R1,0,86,0.1663020715536894,0.257720585823059,,,,,,,,,,,,,,0.0,-38.36455254475423,1.0,9121409.429048698,56544086.99813719,13446306207162.309,10519.056978076427,0.0294706871430438,3.644045416473398,,
R1,0,87,0.1612076416192231,0.260859580318133,,,,,,,,,,,,,,0.0,-34.98226235763762,1.0,8311887.266408225,47140787.62341437,11203510765536.824,9641.79185197214,0.0293532505631446,3.6301035154600942,,
R1,0,88,0.1588388485334537,0.2512526433865229,,,,,,,,,,,,,,0.0,-31.41903789967356,1.0,7469398.677713146,38656395.90575559,9192574638035.271,8694.326145038678,0.0292362883687019,3.6162227409708607,,
R1,0,89,0.1510949772772965,0.2515046776930491,,,,,,,,,,,,,,0.0,-32.68014972603387,1.0,7774337.401835902,42150588.63964228,10029231084075.188,9074.817676641316,0.0291195441690739,3.6023216308976225,,
R1,0,90,0.1454412447523187,0.2426931090752283,,,,,,,,,,,,,,0.0,-33.34697339489507,1.0,7937486.684073055,44265029.7988905,10538806905279.977,9293.796922084995,0.0290037333003936,3.588533358077929,,
R1,0,91,0.1407708644160518,0.2508715718984604,,,,,,,,,,,,,,0.0,-30.24177958932141,1.0,7199957.751923178,36826901.02889303,8770019034830.027,8464.140269229561,0.0288880289109015,3.5747262057602205,,
R1,0,92,0.1361418416102727,0.2429582620461781,,,,,,,,,,,,,,0.0,-28.895827107542544,1.0,6880902.6009510765,33809621.60790796,8053475212516.451,8121.741229270123,0.028772972331893,3.56093746582951,,
R1,0,93,0.1319284185877552,0.2417673267920812,,,,,,,,,,,,,,0.0,-28.753110045717705,1.0,6845781.244840023,33577523.0049091,7996455140997.1,8117.389592659883,0.0286585254534598,3.5472550954613435,,
R1,0,94,0.1283427490525775,0.2412892068227132,,,,,,,,,,,,,,0.0,-27.456716069743564,1.0,6538177.567841731,31005487.01072396,7385100348876.66,7784.386493839691,0.0285441872924571,3.5335468406409416,,
R1,0,95,0.1241020435646728,0.242225489616394,,,,,,,,,,,,,,0.0,-28.057706959647696,1.0,6684774.718338121,32543491.618204564,7755300606804.411,7983.882483450643,0.0284307834602171,3.519922034433707,,
R1,0,96,0.1211785522081233,0.2413728935321172,,,,,,,,,,,,,,0.0,-26.380388622202776,1.0,6286389.006771517,28612241.07590212,6819126308822.795,7537.887516400181,0.0283175942397886,3.5063432780152928,,
R1,0,97,0.1187382749120394,0.2377036294937133,,,,,,,,,,,,,,0.0,-27.060123320474325,1.0,6447840.280247538,30949538.784964778,7376666913136.998,7765.19130592729,0.0282047929814988,3.492758570636746,,
R1,0,98,0.116876058810287,0.239194667259852,,,,,,,,,,,,,,0.0,-24.802299198227445,1.0,5910201.034253232,26404716.0439458,6293441644615.478,7148.959219917726,0.0280928324787847,3.479271772636048,,
R1,0,99,0.1154089739764178,0.2390631639560063,,,,,,,,,,,,,,0.0,-29.405289160960614,1.0,7012232.722616201,36347112.85137639,8668821750098.179,8500.271798292204,0.0279809110102477,3.4657636064451225,,
R1,0,100,0.1146967359361825,0.2380549283425013,,,,,,,,,,,,,,0.0,-26.27681144677295,1.0,6261665.796761683,29854639.41566107,7115983219217.677,7634.749188782849,0.0278697575292279,3.452297359618129,,
R1,1,1,0.7458469995039481,0.4885683044592539,,,,,,,,,,,,,,0.0,-69.0065502863682,1.0,15918768.969352562,118982661.04554944,27433180020778.37,13318.80917250013,0.0415155509472106,5.03691696758153,,
R1,1,2,0.4285080834406393,0.438269562959671,,,,,,,,,,,,,,0.0,-105.38173727263153,1.0,24353283.170527328,222500716.2080751,51419195407666.57,20420.557452324992,0.0413471310592759,5.022029487772346,,
R1,1,3,0.3907727626429664,0.4164003706773122,,,,,,,,,,,,,,0.0,-123.67758451837368,1.0,28611656.86899261,306368947.9124526,70875783638242.97,24067.960898251054,0.0411796444366055,5.00532472347951,,
R1,1,4,0.3712028595606486,0.3734129518667857,,,,,,,,,,,,,,0.0,-145.93301692445132,1.0,33800283.52309123,424199059.8277285,98250845667049.69,28513.724188183893,0.041012626645806,4.988274348365204,,
R1,1,5,0.3713571259269008,0.4018617249329885,,,,,,,,,,,,,,0.0,-159.78775401016125,1.0,37039798.42812999,518407375.539658,120169795980935.69,31349.61570851744,0.0408465303720966,4.970562014487678,,
R1,1,6,0.3748633466826545,0.3742715352376302,,,,,,,,,,,,,,0.0,-161.97850604170816,1.0,37576100.63664498,530644523.65623504,123099690786766.14,31914.380134873525,0.0406809606859834,4.952657536290017,,
R1,1,7,0.3625328769330625,0.368968436161677,,,,,,,,,,,,,,0.0,-172.54641166920942,1.0,40052821.58366508,607121899.824504,140930185357223.66,34138.27894885248,0.0405161915435045,4.934406094702172,,
R1,1,8,0.3599736910042939,0.3734996432463328,,,,,,,,,,,,,,0.0,-169.17700467594418,1.0,39290904.59257476,587851446.2775006,136530111083056.86,33617.95259791165,0.0403521066711795,4.916237439559133,,
R1,1,9,0.3596254483682138,0.3603616716066996,,,,,,,,,,,,,,0.0,-168.111405221151,1.0,39069798.89073714,583497601.9859593,135609321882087.0,33544.3807490787,0.0401886393942503,4.898089451084279,,
R1,1,10,0.3666328517331017,0.3785216507116953,,,,,,,,,,,,,,0.0,-161.56635863259453,1.0,37564329.08199288,558376016.7692099,129828145325060.56,32380.504216478355,0.0400260110535929,4.87991334355284,,
R1,1,11,0.3572964382083328,0.4123007395267486,,,,,,,,,,,,,,0.0,-162.038257406972,1.0,37699012.9376476,550816529.0349438,128153052798503.92,32604.39227268212,0.0398638629654609,4.861731660632214,,
R1,1,12,0.3593099311281134,0.3632515028317769,,,,,,,,,,,,,,0.0,-163.9934156464893,1.0,38166486.30633578,575910814.9929599,134033834495820.31,33137.5476858147,0.0397026393682726,4.843270235532073,,
R1,1,13,0.3515139504362036,0.3578837080796559,,,,,,,,,,,,,,0.0,-170.25164976475435,1.0,39636336.68736418,616359718.132508,143497960656051.56,34547.23190246424,0.0395418354774192,4.825049660913978,,
R1,1,14,0.352271080105393,0.3743608899116516,,,,,,,,,,,,,,0.0,-165.5357698894453,1.0,38554430.04895459,588822498.4033824,137144634198425.23,33732.09954527006,0.039381973733825,4.806886203878149,,
R1,1,15,0.3492924362376884,0.3692064211368561,,,,,,,,,,,,,,0.0,-165.30031683011714,1.0,38517820.790416114,587401241.3498597,136878120862148.05,33827.275123055166,0.0392225289288819,4.788799519018906,,
R1,1,16,0.3468630515027929,0.3810280678272247,,,,,,,,,,,,,,0.0,-163.01486745849607,1.0,38000449.24018345,577137799.7781683,134542083536717.72,33496.61636567999,0.0390639932886246,4.770627568433309,,
R1,1,17,0.3387654547426436,0.3737346547444661,,,,,,,,,,,,,,0.0,-174.16283577809193,1.0,40615414.02631188,670401531.8055277,156345807876215.4,35935.34604112118,0.0389059186865733,4.752418508187325,,
R1,1,18,0.3488486166441882,0.3316503309408823,,,,,,,,,,,,,,0.0,-158.74472426000847,1.0,37028783.96617479,557753034.999298,130106890667493.6,32897.75284311723,0.0387486831315102,4.73450128966501,,
R1,1,19,0.3445230547189712,0.4114674127896627,,,,,,,,,,,,,,0.0,-162.11362339893287,1.0,37831774.4526031,591228086.5551925,137979467197294.05,33737.762363607726,0.0385919789952453,4.716576336434451,,
R1,1,20,0.3426039914643323,0.3358615862528483,,,,,,,,,,,,,,0.0,-159.46304860363986,1.0,37230132.07660366,573632781.1855512,133931820293589.94,33320.20834303104,0.038436022400856,4.698766603921341,,
R1,1,21,0.347944044581166,0.388548433303833,,,,,,,,,,,,,,0.0,-154.54047027848543,1.0,36080102.43609254,546029619.3603374,127484368453422.94,32438.841187650047,0.0382806823195294,4.680796428184661,,
R1,1,22,0.3472570251447183,0.4140478518009186,,,,,,,,,,,,,,0.0,-150.29292616150818,1.0,35106625.76602653,514603434.4903813,120211817351975.36,31674.65995698932,0.038125992524551,4.662917540997699,,
R1,1,23,0.3437726146909926,0.3996368740399678,,,,,,,,,,,,,,0.0,-153.65299544675577,1.0,35902962.064105235,544965349.0219817,127342068126618.4,32515.891457981437,0.0379720030292387,4.644990424170508,,
R1,1,24,0.348410068238223,0.3378620413939158,,,,,,,,,,,,,,0.0,-147.36110494190646,1.0,34432975.12245929,506866993.8581475,118443840634640.86,31326.084756190587,0.0378185781054733,4.627271612335804,,
R1,1,25,0.3434292951689826,0.3743309725125631,,,,,,,,,,,,,,0.0,-147.04960334938443,1.0,34369513.4020067,510299526.1225085,119275759927290.6,31391.34020535957,0.0376659166909033,4.609432104489683,,
R1,1,26,0.338609731082563,0.3689127957820892,,,,,,,,,,,,,,0.0,-152.73139598750564,1.0,35707884.101650804,550806061.249944,128780444159921.31,32736.657957391268,0.0375137576058596,4.591732868541946,,
R1,1,27,0.3421161887380812,0.3888936258951823,,,,,,,,,,,,,,0.0,-145.3660268873637,1.0,34001363.54123237,508478821.9828291,118941158761200.23,31285.46817955463,0.0373624022929899,4.574119586154368,,
R1,1,28,0.3364034843091611,0.3687961580753326,,,,,,,,,,,,,,0.0,-148.6963437841391,1.0,34787697.52251544,531410375.8658121,124329812586305.7,32133.5676777108,0.0372115067674122,4.5565209424785245,,
R1,1,29,0.3451513358310417,0.3724342858791351,,,,,,,,,,,,,,0.0,-137.41475642763638,1.0,32149686.123415265,458411515.7705432,107259998714631.62,29828.00702402712,0.0370614359936406,4.539065222796582,,
R1,1,30,0.3384368529319763,0.3375126852194468,,,,,,,,,,,,,,0.0,-144.8910353138586,1.0,33910132.03999965,513979484.9808387,120300289763452.95,31583.93540941826,0.0369118010910366,4.521797140583427,,
R1,1,31,0.3347399498047652,0.3333996749718984,,,,,,,,,,,,,,0.0,-145.10837230948496,1.0,33969734.506599374,522138780.3552172,122237993631542.22,31763.96994815963,0.0367629999114621,4.504568078394944,,
R1,1,32,0.3344174341007515,0.3474367559750875,,,,,,,,,,,,,,0.0,-138.76794976291498,1.0,32497621.480369173,478799983.2986903,112133908537622.7,30498.760527737777,0.0366146214596887,4.4873343134422505,,
R1,1,33,0.3354735470966056,0.3694086765448252,,,,,,,,,,,,,,0.0,-137.82759420491655,1.0,32287575.71058157,480203506.0792616,112504456075336.02,30419.91177024357,0.0364670731848286,4.4701406105311134,,
R1,1,34,0.3358841114220796,0.3333770416577657,,,,,,,,,,,,,,0.0,-135.48712942505043,1.0,31742221.399420936,465255611.59961474,109012602771074.22,30036.628125818235,0.0363199467789196,4.452989648278004,,
R1,1,35,0.3325645598835415,0.3566462554931641,,,,,,,,,,,,,,0.0,-132.21718099443285,1.0,30983105.27054363,444509667.2393136,104176037540868.56,29433.455043380916,0.0361736319718822,4.435890709017227,,
R1,1,36,0.3314315830336676,0.3288758856455485,,,,,,,,,,,,,,0.0,-129.85300278346548,1.0,30442296.436926488,431172103.2983571,101092777961172.64,29027.35478175972,0.0360277553041053,4.418995404494287,,
R1,1,37,0.3226418669488695,0.3776673595905304,,,,,,,,,,,,,,0.0,-138.2724052919268,1.0,32424716.9714368,496678531.6273143,116478834699041.12,31033.359508544327,0.0358826554109973,4.402100862234928,,
R1,1,38,0.3222444961247621,0.33796781873703,,,,,,,,,,,,,,0.0,-136.40878767479572,1.0,31993579.47925551,485158460.2551682,113797443872541.48,30745.99435420945,0.0357380286948121,4.385160355738218,,
R1,1,39,0.3259309486459802,0.3249561009407044,,,,,,,,,,,,,,0.0,-124.44398543782177,1.0,29190591.708247826,411310948.0292786,96490957680938.77,28172.06069255803,0.0355941226405482,4.368307172480675,,
R1,1,40,0.3186291726341954,0.3594154212474823,,,,,,,,,,,,,,0.0,-135.53386010674166,1.0,31807123.590437267,489943016.2032109,114995448001851.28,30801.335556977698,0.0354507496348469,4.351512416598378,,
R1,1,41,0.3203251401230141,0.3709394460519155,,,,,,,,,,,,,,0.0,-125.4837185541948,1.0,29450379.84949729,420960915.8693816,98806466425094.16,28643.44166139851,0.0353080098186772,4.334833454628369,,
R1,1,42,0.3231125880435661,0.3567431342601776,,,,,,,,,,,,,,0.0,-121.18412630486816,1.0,28440565.34999202,397837692.8742757,93378371493769.6,27785.21775527121,0.035165894464139,4.318217931638618,,
R1,1,43,0.3167403761810726,0.3388643209139506,,,,,,,,,,,,,,0.0,-123.64545818770762,1.0,29031036.215264127,412184300.0600427,96785786723754.48,28463.002155588903,0.0350242983454795,4.301685648516452,,
R1,1,44,0.3138514549908814,0.3737375156084696,,,,,,,,,,,,,,0.0,-122.13780949030108,1.0,28688538.42843468,410463786.584921,96418042983938.4,28229.740882633934,0.0348834354069925,4.28514447403019,,
R1,1,45,0.3107342312247665,0.3275191576480865,,,,,,,,,,,,,,0.0,-120.32729002138828,1.0,28265491.00697317,395686378.72651625,92955443965195.4,27931.95656944899,0.0347429774652689,4.268680470390356,,
R1,1,46,0.3152027137897633,0.3183428985277812,,,,,,,,,,,,,,0.0,-116.00281153844688,1.0,27249304.93778976,377689352.27984166,88735986619978.95,27047.83209648592,0.0346033515949403,4.252258559783934,,
R1,1,47,0.3040475334944548,0.3590079424381256,,,,,,,,,,,,,,0.0,-122.54830323923464,1.0,28812499.95073452,429522546.8440253,100992604716187.7,28674.30259445565,0.0344640293180733,4.235997870919445,,
R1,1,48,0.303503185638675,0.3230322198470433,,,,,,,,,,,,,,0.0,-118.14188812335658,1.0,27773732.240605984,391181960.1181279,91975273311431.4,27767.71377493306,0.0343256162058922,4.219801112956156,,
R1,1,49,0.3003391718069712,0.3451194187005361,,,,,,,,,,,,,,0.0,-116.28895203936892,1.0,27347183.83253614,385203092.0013512,90601525027762.2,27445.04603790655,0.0341874392849902,4.203721598147026,,
R1,1,50,0.302968602348257,0.3228088828722636,,,,,,,,,,,,,,0.0,-107.97507229703233,1.0,25399440.25097781,332638226.5181911,78260178669058.2,25592.24720452918,0.0340502053979904,4.187683644241177,,
R1,1,51,0.3001525354297072,0.324260755777359,,,,,,,,,,,,,,0.0,-106.37290061875817,1.0,25023928.53756748,324849685.5345696,76429788330036.9,25322.493168701458,0.0339131943716421,4.171686728519136,,
R1,1,52,0.2955997046541284,0.3751386307875315,,,,,,,,,,,,,,0.0,-106.87277374946854,1.0,25158625.54940321,333597921.9283177,78543775446892.3,25537.2703655423,0.0337770953293769,4.155829626139611,,
R1,1,53,0.2894398126690476,0.3184268907308578,,,,,,,,,,,,,,0.0,-110.52221356407786,1.0,26023004.07795497,357509026.8427823,84188556420907.28,26522.04270668856,0.033641282487836,4.139967197325672,,
R1,1,54,0.2888923131536554,0.3160349060694377,,,,,,,,,,,,,,0.0,-104.84299010878227,1.0,24700096.19021365,326099915.3281998,76837528591407.94,25255.74918470675,0.0335062591779616,4.124224964047063,,
R1,1,55,0.2850022502651921,0.3308363413016001,,,,,,,,,,,,,,0.0,-107.23296268032064,1.0,25261450.82101224,341890301.33479816,80551490803037.67,25947.6784148927,0.0333716897714522,4.108477722585501,,
R1,1,56,0.2844914053192845,0.3060730902353922,,,,,,,,,,,,,,0.0,-103.15105547754617,1.0,24312154.22662959,322099961.0773819,75924058142294.48,25062.005886148,0.0332376754030196,4.092979745592887,,
R1,1,57,0.278110192908181,0.3142123475869496,,,,,,,,,,,,,,0.0,-101.71699910986791,1.0,23982245.96995988,312022540.7035153,73579343975559.44,24813.371366223382,0.0331043613533819,4.07736128390098,,
R1,1,58,0.2750566291676627,0.2985411691665649,,,,,,,,,,,,,,0.0,-97.53929059688026,1.0,23014826.547966093,290109612.8264768,68462083400206.05,23884.35570123301,0.0329713641633628,4.061884648577637,,
R1,1,59,0.2757495412031809,0.3013909646670024,,,,,,,,,,,,,,0.0,-94.5364421814624,1.0,22302774.41411996,272166140.4744242,64223008284148.4,23257.103625038973,0.0328392561885618,4.046560561788374,,
R1,1,60,0.269324011626067,0.3430064431031545,,,,,,,,,,,,,,0.0,-95.054336816116,1.0,22431773.070667457,280794581.8135146,66271273232189.38,23478.72258695374,0.0327073315463542,4.0311275825237685,,
R1,1,61,0.2681633647812737,0.3380981991291046,,,,,,,,,,,,,,0.0,-89.25229575674949,1.0,21071625.267410807,249762308.718224,58975499638261.14,22136.38018263028,0.0325763474549016,4.0159210896496855,,
R1,1,62,0.2671548831639466,0.2942705096403757,,,,,,,,,,,,,,0.0,-87.4290202517351,1.0,20649808.849418644,242876392.0719113,57372146835000.32,21776.19615247551,0.0324455711324888,4.000803349579804,,
R1,1,63,0.2592475383811526,0.3025670839150746,,,,,,,,,,,,,,0.0,-88.39098722678273,1.0,20893185.96606707,245625960.7891936,58067557068678.93,22095.888049447025,0.0323156083303113,3.985575690416959,,
R1,1,64,0.2591026173167758,0.3025738712151845,,,,,,,,,,,,,,0.0,-82.95311824933651,1.0,19603992.212445773,219710238.2289761,51933352084722.9,20834.232960048128,0.0321860695558209,3.9704417742754585,,
R1,1,65,0.2600775535459871,0.2907736578782399,,,,,,,,,,,,,,0.0,-77.67304005134338,1.0,18358849.23042204,196191500.9636028,46384063462674.95,19595.133603719907,0.0320570180283503,3.9555372609740336,,
R1,1,66,0.2533585601073724,0.2937799079020818,,,,,,,,,,,,,,0.0,-80.65509746172111,1.0,19075607.565007787,211966429.9383229,50144205349977.59,20424.905496030737,0.0319287278959828,3.940672056005729,,
R1,1,67,0.2496680682676809,0.2836760411659876,,,,,,,,,,,,,,0.0,-75.29244686065252,1.0,17814922.590677682,185144551.23795983,43815383178109.68,19144.033478227942,0.0318006442261551,3.925656863058789,,
R1,1,68,0.2432225343651241,0.2839240175882975,,,,,,,,,,,,,,0.0,-77.66681491540206,1.0,18385827.80363249,200667845.0992286,47512292470089.47,19825.063473255123,0.0316734992208019,3.910790575008897,,
R1,1,69,0.2402263076217086,0.275171836177508,,,,,,,,,,,,,,0.0,-72.73066479199109,1.0,17220725.389916096,174914308.49912485,41424853017164.59,18645.48459402552,0.0315465053038064,3.895926704643497,,
R1,1,70,0.2400461512318364,0.2954470948775609,,,,,,,,,,,,,,0.0,-67.48402111388867,1.0,15978996.87072536,151925715.6943763,35980865481574.17,17378.481706829218,0.0314203537279559,3.881172532648272,,
R1,1,71,0.235970906248799,0.2838475633064906,,,,,,,,,,,,,,0.0,-66.92112445509207,1.0,15841183.236238208,152163199.1681345,36026446430953.38,17316.210364843795,0.0312945879274799,3.8665905962910023,,
R1,1,72,0.2294140164366475,0.2718559930721919,,,,,,,,,,,,,,0.0,-66.16170414218207,1.0,15682124.523234269,150236820.54558042,35617670039578.1,17173.132191537577,0.031169278402116,3.8519030500682274,,
R1,1,73,0.2248735543577759,0.2920786104996999,,,,,,,,,,,,,,0.0,-64.402516930563,1.0,15277835.311660511,142682972.66002408,33856702217784.484,16776.231953475788,0.0310447564528834,3.837259968365565,,
R1,1,74,0.2221589622188497,0.273046148220698,,,,,,,,,,,,,,0.0,-60.90286242915846,1.0,14448800.431901729,128528940.70947598,30498843786080.266,15936.46208910544,0.0309203818470126,3.822758429000591,,
R1,1,75,0.2162935495818102,0.2674374607801437,,,,,,,,,,,,,,0.0,-59.08499117349748,1.0,14022738.125773031,123032070.26389211,29207487217952.586,15522.916197204344,0.0307969485559771,3.808231720393656,,
R1,1,76,0.2101575413412518,0.2893587591250737,,,,,,,,,,,,,,0.0,-59.11631738403841,1.0,14033493.090258753,122985101.74840522,29202606263265.098,15595.878534255951,0.0306736994090002,3.793794869915891,,
R1,1,77,0.2099934644390035,0.2690823767185211,,,,,,,,,,,,,,0.0,-52.257538116724064,1.0,12401614.82362083,97365567.98356187,23111569876340.164,13853.600628294307,0.0305511344344385,3.779361408987299,,
R1,1,78,0.2035239886972639,0.2613687118291855,,,,,,,,,,,,,,0.0,-52.5663107215152,1.0,12475279.446617024,99186655.44624329,23545290473636.53,13996.951913974544,0.0304291416079767,3.76495641359874,,
R1,1,79,0.1961161807157375,0.2632895522912343,,,,,,,,,,,,,,0.0,-51.85611690546481,1.0,12319715.22176891,96703160.85631631,22979379263894.33,13851.946359084432,0.0303073792323883,3.750430840259789,,
R1,1,80,0.1932902090461165,0.2716110821167627,,,,,,,,,,,,,,0.0,-48.23093571555605,1.0,11461151.040396933,84940382.802406,20188504416811.41,12938.3131299399,0.030186546137256,3.736079612258001,,
R1,1,81,0.1891782305373086,0.2538053414821625,,,,,,,,,,,,,,0.0,-45.849267368530526,1.0,10904476.268149776,77482721.2068165,18431366625416.81,12343.590293431123,0.0300658234553916,3.721852445862393,,
R1,1,82,0.1820564553362351,0.2599699071645737,,,,,,,,,,,,,,0.0,-45.09909576604085,1.0,10720931.595896414,74813120.78870454,17791428827155.766,12201.522336875929,0.029945881857026,3.707654868297596,,
R1,1,83,0.1789974212160817,0.2634845169782638,,,,,,,,,,,,,,0.0,-41.09092983682204,1.0,9764154.730972674,63427560.46091821,15078198274891.908,11170.369812642297,0.0298264043465737,3.6934483463267935,,
R1,1,84,0.1706955498258272,0.2658362501064936,,,,,,,,,,,,,,0.0,-42.424708186608456,1.0,10100590.431622222,68295740.90569681,16265846368986.775,11559.660718041909,0.0297071928406505,3.679299382528321,,
R1,1,85,0.16770078600336,0.2462588942050934,,,,,,,,,,,,,,0.0,-37.511843812889566,1.0,8921049.96264664,53064440.56268463,12625630174163.793,10279.45156135014,0.0295888961322846,3.66514688203215,,
R1,1,86,0.1632158069787202,0.2428162730137507,,,,,,,,,,,,,,0.0,-35.431225720376545,1.0,8421662.185560895,48370987.14182175,11504995201755.822,9757.154465786958,0.0294706871430438,3.651048639988178,,
R1,1,87,0.1543347403694082,0.262995632370313,,,,,,,,,,,,,,0.0,-37.39650096124287,1.0,8898277.599030893,53700765.3057992,12782403518728.078,10329.825618648812,0.0293532505631446,3.6369654421698994,,
R1,1,88,0.1498245316721775,0.2429278178612391,,,,,,,,,,,,,,0.0,-34.25504379731564,1.0,8162267.847428551,45693640.90418089,10890816184504.604,9491.530631857937,0.0292362883687019,3.6230195604467776,,
R1,1,89,0.145266591531259,0.2540568957726161,,,,,,,,,,,,,,0.0,-32.62048198414569,1.0,7763256.835373214,42299167.47277625,10072784141691.46,9088.503314824782,0.0291195441690739,3.609012759234138,,
R1,1,90,0.1395404115562085,0.2465888561407725,,,,,,,,,,,,,,0.0,-31.86330416851841,1.0,7587223.170152363,40314068.38382705,9602660663353.855,8911.475544349238,0.0290037333003936,3.5950773378890406,,
R1,1,91,0.1343591638317814,0.2450899330774943,,,,,,,,,,,,,,0.0,-30.493015221089784,1.0,7256813.693926387,36884378.25135135,8782348803569.463,8569.966691837893,0.0288880289109015,3.5811353290808867,,
R1,1,92,0.1308977177297627,0.2424526020288467,,,,,,,,,,,,,,0.0,-27.58529844716822,1.0,6557672.963815494,30839810.773745384,7336524047817.027,7796.024763287326,0.028772972331893,3.567291668529613,,
R1,1,93,0.1259558077564946,0.2398665279944737,,,,,,,,,,,,,,0.0,-28.64027422413289,1.0,6821248.7302550245,33358118.28401189,7950748460672.261,8111.893501720411,0.0286585254534598,3.553477229793353,,
R1,1,94,0.1227039999829398,0.2414178515275319,,,,,,,,,,,,,,0.0,-26.68274471400392,1.0,6346724.402381673,29482579.256919254,7019107491688.671,7601.221340416032,0.0285441872924571,3.539703030190188,,
R1,1,95,0.1183537791879088,0.2385487424929936,,,,,,,,,,,,,,0.0,-26.75299460885273,1.0,6362013.718722844,29617554.440171078,7047948621615.508,7654.272847330894,0.0284307834602171,3.525916074863105,,
R1,1,96,0.115312436611564,0.2401694418589274,,,,,,,,,,,,,,0.0,-26.52927633687676,1.0,6299138.244489313,29047444.251363337,6905409476441.821,7634.273849084319,0.0283175942397886,3.5122055212747507,,
R1,1,97,0.1129217530577271,0.2389250419537226,,,,,,,,,,,,,,0.0,-26.536331040835105,1.0,6294118.423267915,29490468.77225778,7002323390495.666,7676.478036516187,0.0282047929814988,3.4985174078365207,,
R1,1,98,0.110958147600845,0.2389103657801946,,,,,,,,,,,,,,0.0,-27.68217727065277,1.0,6570821.9340242855,32772111.85867081,7789666776092.433,8033.996096715338,0.0280928324787847,3.4848949217851057,,
R1,1,99,0.1094899659819073,0.2380001736481984,,,,,,,,,,,,,,0.0,-26.39599479210612,1.0,6258613.50224002,29981123.930317577,7120101370398.141,7705.762709873552,0.0279809110102477,3.47202458456578,,
R1,1,100,0.108722330585674,0.238231272260348,,,,,,,,,,,,,,0.0,-28.14103072206536,1.0,6692289.396374714,34414309.15957069,8196683280513.341,8231.476692420163,0.0278697575292279,3.4602258838591786,,
R1,2,1,0.8127461353143056,0.5327217993736267,,,,,,,,,,,,,,0.0,-81.38793305680687,1.0,18760306.95449621,278953436.0333026,64214798225463.55,15695.823969808976,0.0415155509472106,5.03598405382501,,
R1,2,2,0.4343695395964163,0.3652891281445821,,,,,,,,,,,,,,0.0,-100.18300627224768,1.0,23156799.11727761,203934205.6373953,47140119602633.11,19414.821387847725,0.0413471310592759,5.022252290316645,,
R1,2,3,0.3803380653151759,0.3655643278757731,,,,,,,,,,,,,,0.0,-125.81791878481852,1.0,29113474.974603165,319222220.74101496,73867699392772.31,24482.38183663074,0.0411796444366055,5.005364526300117,,
R1,2,4,0.3642631323425858,0.3580237148602803,,,,,,,,,,,,,,0.0,-147.50835213492485,1.0,34158654.986376725,439668418.02866274,101816921261499.28,28823.950389327227,0.041012626645806,4.987730229049878,,
R1,2,5,0.3648107250354908,0.3803814771175384,,,,,,,,,,,,,,0.0,-151.9825878794479,1.0,35220273.81546604,464016598.80845815,107530578222863.7,29820.767800663867,0.0408465303720966,4.969735815726724,,
R1,2,6,0.3732971631950802,0.3415115354061127,,,,,,,,,,,,,,0.0,-165.65680454196757,1.0,38409140.650645606,554428970.997187,128554186159536.64,32643.78610554657,0.0406809606859834,4.951396979036481,,
R1,2,7,0.3635239084075998,0.3781601824760437,,,,,,,,,,,,,,0.0,-168.2765619485541,1.0,39032630.09559426,580785635.5041764,134716846786580.36,33303.311671083145,0.0405161915435045,4.933022729171466,,
R1,2,8,0.35645051157033,0.3941603903770447,,,,,,,,,,,,,,0.0,-177.42547066912198,1.0,41173508.86714773,642577121.4933126,149121143852984.03,35259.8509104586,0.0403521066711795,4.914597349471448,,
R1,2,9,0.359414067003462,0.3808673846721649,,,,,,,,,,,,,,0.0,-170.50461773487658,1.0,39583666.53921219,606791164.743825,140875525252405.22,34035.97611141529,0.0401886393942503,4.896347434121798,,
R1,2,10,0.3563036205150462,0.3441846897602081,,,,,,,,,,,,,,0.0,-173.7429974746685,1.0,40353862.37076249,634021076.1264616,147263107880433.53,34824.238183597416,0.0400260110535929,4.878004046948958,,
R1,2,11,0.3580583335646876,0.4205172746181488,,,,,,,,,,,,,,0.0,-166.0965140666305,1.0,38597725.95655781,585925984.5686122,136163536425731.44,33431.77450302911,0.0398638629654609,4.859894446273427,,
R1,2,12,0.355602455774943,0.4025147795677185,,,,,,,,,,,,,,0.0,-166.48406800434535,1.0,38710089.114613,590079640.7510716,137203959706151.62,33652.240063365614,0.0397026393682726,4.8419419488921465,,
R1,2,13,0.357611060946076,0.362845316807429,,,,,,,,,,,,,,0.0,-160.32954139709153,1.0,37300572.71641037,549384154.3915325,127817447116976.2,32547.51534438287,0.0395418354774192,4.824079830648479,,
R1,2,14,0.3523829989963107,0.3642049435774485,,,,,,,,,,,,,,0.0,-164.1274469758374,1.0,38193997.27121378,580391273.6965976,135066586327182.77,33465.57036933169,0.039381973733825,4.806071372340782,,
R1,2,15,0.3486812974523615,0.3290366861820221,,,,,,,,,,,,,,0.0,-163.04656425678505,1.0,37967829.41285896,576887240.4488636,134341735689852.02,33374.60706913133,0.0392225289288819,4.788030112744639,,
R1,2,16,0.3467393281724718,0.3396284306844075,,,,,,,,,,,,,,0.0,-168.55379262506446,1.0,39260700.24244298,622956422.827818,145105700110353.06,34653.621613018,0.0390639932886246,4.770203984292639,,
R1,2,17,0.3536886509524451,0.3688424410025279,,,,,,,,,,,,,,0.0,-157.60009055469416,1.0,36724394.13012736,546976014.4016992,127465731245146.23,32546.91644289278,0.0389059186865733,4.752551581785172,,
R1,2,18,0.3522371132727022,0.3625874594052632,,,,,,,,,,,,,,0.0,-157.59689800647672,1.0,36741898.24739025,549007320.2698194,128004456953077.14,32684.158694554477,0.0387486831315102,4.734858182158599,,
R1,2,19,0.3501937732431623,0.3456537823677063,,,,,,,,,,,,,,0.0,-160.60381831857796,1.0,37465427.7169829,580345442.1355656,135386709185322.48,33439.908657122054,0.0385919789952453,4.717097931759215,,
R1,2,20,0.349489182834272,0.339012274980545,,,,,,,,,,,,,,0.0,-159.77084985930077,1.0,37283775.75728376,577179779.1828873,134696617084806.8,33408.88009861974,0.038436022400856,4.699372249286096,,
R1,2,21,0.3453400841554006,0.3454758814175924,,,,,,,,,,,,,,0.0,-162.96712714114793,1.0,38046446.72296834,603658232.9437085,140937880330091.44,34219.7419869918,0.0382806823195294,4.681683059647278,,
R1,2,22,0.3427294071956917,0.3660193622907002,,,,,,,,,,,,,,0.0,-160.92245917282804,1.0,37578307.97493174,592124620.2634697,138284140813171.84,33943.53008478849,0.038125992524551,4.664249553404068,,
R1,2,23,0.3408483972372832,0.3741221760908763,,,,,,,,,,,,,,0.0,-161.92122049805369,1.0,37839191.49516222,608328556.1783772,142169623223022.47,34284.424726339144,0.0379720030292387,4.6467567232062255,,
R1,2,24,0.3492645911287378,0.3471578256289164,,,,,,,,,,,,,,0.0,-152.25092687574613,1.0,35584117.94634214,547147527.7833052,127883849205961.94,32386.09906461009,0.0378185781054733,4.629251143273067,,
R1,2,25,0.3420870442787806,0.3696804842948913,,,,,,,,,,,,,,0.0,-155.17619635244688,1.0,36285574.15116641,573127264.3955749,134023351039184.64,33137.53697921584,0.0376659166909033,4.6116923161060654,,
R1,2,26,0.3509320986535814,0.3476643038590749,,,,,,,,,,,,,,0.0,-142.7492033474776,1.0,33391459.2241194,489571209.3812656,114528250381408.08,30619.438613590093,0.0375137576058596,4.594253758048657,,
R1,2,27,0.3427125819170916,0.3673044706185658,,,,,,,,,,,,,,0.0,-150.25872922053975,1.0,35156516.897011265,539125251.0409508,126152899830283.88,32364.216931435203,0.0373624022929899,4.576877273570071,,
R1,2,28,0.3434071322547065,0.3425224448839823,,,,,,,,,,,,,,0.0,-145.65823265374382,1.0,34090115.876595505,507818732.76674265,118860843593545.8,31509.82278271124,0.0372115067674122,4.55976567953611,,
R1,2,29,0.3415374944916478,0.3510541267395019,,,,,,,,,,,,,,0.0,-145.07400760636702,1.0,33973452.179410286,508737329.2854639,119148390085083.2,31511.44395042422,0.0370614359936406,4.542628426905788,,
R1,2,30,0.3384228881288458,0.3531525483131408,,,,,,,,,,,,,,0.0,-144.16799060356388,1.0,33778031.31720271,505754017.3432676,118507747739794.3,31443.06221296345,0.0369118010910366,4.525590354948132,,
R1,2,31,0.3347661440637376,0.3792727854251861,,,,,,,,,,,,,,0.0,-142.10468892466145,1.0,33312678.55888076,497032204.42546654,116525727446704.23,31119.043446795644,0.0367629999114621,4.508562994889818,,
R1,2,32,0.3285997092105724,0.351681659301122,,,,,,,,,,,,,,0.0,-149.59096409899368,1.0,35088363.50676535,554149068.7968112,129994767639060.02,32889.521352876225,0.0366146214596887,4.491713441581072,,
R1,2,33,0.3359122938933196,0.3550956314404805,,,,,,,,,,,,,,0.0,-137.73839303163555,1.0,32311719.100057386,479574853.5489988,112514947751322.86,30422.49533843125,0.0364670731848286,4.474906598131826,,
R1,2,34,0.3323084099204452,0.3918013178507487,,,,,,,,,,,,,,0.0,-134.99783770388387,1.0,31694287.50303453,461433135.3335689,108341770572972.23,29932.861912476408,0.0363199467789196,4.458205171201766,,
R1,2,35,0.3266808351322456,0.3479038055737813,,,,,,,,,,,,,,0.0,-141.09725955931972,1.0,33130040.023376297,504357038.6756728,118437641766868.56,31424.53277231022,0.0361736319718822,4.441458411404192,,
R1,2,36,0.3262090350698541,0.3432220474084218,,,,,,,,,,,,,,0.0,-135.59487627457273,1.0,31861278.71978949,472383913.483652,111009573202971.23,30316.76608875925,0.0360277553041053,4.424659390781203,,
R1,2,37,0.3202433760916745,0.3577433164914449,,,,,,,,,,,,,,0.0,-142.99450395301002,1.0,33609463.8502805,525487447.8421254,123522021319216.08,32105.227814375678,0.0358826554109973,4.4079147500934965,,
R1,2,38,0.3273271603716744,0.351582729101181,,,,,,,,,,,,,,0.0,-130.8430387222756,1.0,30766542.956647847,448829949.4044533,105552240462100.52,29502.33365350177,0.0357380286948121,4.391501810414037,,
R1,2,39,0.321589474775173,0.3671719645659129,,,,,,,,,,,,,,0.0,-130.85414285179496,1.0,30790090.74219112,451208403.9035649,106180755089412.7,29625.186025993688,0.0355941226405482,4.375305360436034,,
R1,2,40,0.3184491550392574,0.3423714957237244,,,,,,,,,,,,,,0.0,-131.52209748257638,1.0,30957990.11822069,454165877.2087271,106913372451804.36,29901.932936049696,0.0354507496348469,4.358848614127251,,
R1,2,41,0.3133630883693695,0.3305867915948232,,,,,,,,,,,,,,0.0,-132.58973298970815,1.0,31229708.41963438,470960220.0135417,110938291016823.23,30263.756617942247,0.0353080098186772,4.342499823505236,,
R1,2,42,0.3143621591550332,0.3164082544644673,,,,,,,,,,,,,,0.0,-125.66806002013992,1.0,29604337.44705393,426188829.0604296,100407710631861.08,28805.720805236608,0.035165894464139,4.325939919236028,,
R1,2,43,0.3122132010813113,0.337136636575063,,,,,,,,,,,,,,0.0,-126.73855234583571,1.0,29865294.032006837,435915138.1321834,102734176696711.05,29177.57966933517,0.0350242983454795,4.309584238298758,,
R1,2,44,0.312844779394291,0.321623015165329,,,,,,,,,,,,,,0.0,-122.19489966741465,1.0,28807091.403137557,410121567.0821923,96700915502450.78,28246.08959407995,0.0348834354069925,4.293255657500088,,
R1,2,45,0.3130013566193757,0.3586534021695455,,,,,,,,,,,,,,0.0,-119.40922026039084,1.0,28164691.25674476,394380835.3352433,93039962015029.88,27715.983872559576,0.0347429774652689,4.27711537633857,,
R1,2,46,0.3063728841366591,0.3585116654237111,,,,,,,,,,,,,,0.0,-123.97542433668195,1.0,29250100.026478782,425635303.8775676,100435096171748.12,28897.34839178752,0.0346033515949403,4.260948644374095,,
R1,2,47,0.307241283443239,0.3520296785831451,,,,,,,,,,,,,,0.0,-114.30472025883846,1.0,26971963.801984984,366319957.7600904,86453228757287.88,26763.972374195622,0.0344640293180733,4.244944123126527,,
R1,2,48,0.3035720440634974,0.3141151535511017,,,,,,,,,,,,,,0.0,-120.49943013074652,1.0,28449703.265280552,413961130.6476168,97753735093116.72,28325.31053221342,0.0343256162058922,4.228902532427761,,
R1,2,49,0.2981575837930043,0.3337770062287648,,,,,,,,,,,,,,0.0,-116.15172654195396,1.0,27434356.142299503,384514191.80400246,90823974901444.84,27413.602673438578,0.0341874392849902,4.212845439802948,,
R1,2,50,0.2963498470076808,0.3166633495489756,,,,,,,,,,,,,,0.0,-113.23419698245098,1.0,26758339.630151454,366291480.8250396,86559432496398.64,26834.524695759905,0.0340502053979904,4.19700161928887,,
R1,2,51,0.2973290135154017,0.3305938370227814,,,,,,,,,,,,,,0.0,-110.26505426693522,1.0,26062081.07883637,352515977.3736434,83334675006271.23,26246.08496123524,0.0339131943716421,4.181199795135045,,
R1,2,52,0.296005055560006,0.3100066742897033,,,,,,,,,,,,,,0.0,-107.73270923457147,1.0,25478693.331595056,336703380.507745,79638324935962.95,25742.818026069028,0.0337770953293769,4.165436004597464,,
R1,2,53,0.2944058395668312,0.3258548858960469,,,,,,,,,,,,,,0.0,-102.776168263606,1.0,24323946.621900536,309125481.7103649,73165365359582.28,24654.331461217065,0.033641282487836,4.149707880467,,
R1,2,54,0.289178176191118,0.3059587624867757,,,,,,,,,,,,,,0.0,-107.62384177315916,1.0,25468862.495248243,347239561.83991504,82188057705257.89,25934.59697894883,0.0335062591779616,4.134080920092236,,
R1,2,55,0.2860287167319545,0.3296474061806996,,,,,,,,,,,,,,0.0,-102.364794341747,1.0,24236736.859386884,312839019.08835566,74079411175001.0,24767.764546313123,0.0333716897714522,4.11853532173033,,
R1,2,56,0.2862711917647609,0.3115394203662872,,,,,,,,,,,,,,0.0,-98.65402687983809,1.0,23366782.17281384,291368239.86496985,69018124014121.99,23970.3639070044,0.0332376754030196,4.102975469638298,,
R1,2,57,0.2826228787899017,0.3103527653217315,,,,,,,,,,,,,,0.0,-100.38638890381527,1.0,23779753.89039962,308676121.05433726,73124621199001.23,24497.29022678742,0.0331043613533819,4.087490484491653,,
R1,2,58,0.2762399772979595,0.3081772805054982,,,,,,,,,,,,,,0.0,-101.18539749657484,1.0,23989523.66458219,309533243.0018999,73396571895019.03,24782.822740880973,0.0329713641633628,4.072064054191943,,
R1,2,59,0.2762810355998851,0.3150925265153249,,,,,,,,,,,,,,0.0,-94.19641171674414,1.0,22337757.423235115,271964327.4996403,64505714428569.12,23172.765686310635,0.0328392561885618,4.056777937710837,,
R1,2,60,0.2711043318819117,0.3087146434783935,,,,,,,,,,,,,,0.0,-93.13973318752326,1.0,22103115.15062612,268411142.6475372,63705779417762.27,22998.65793341055,0.0327073315463542,4.041463731260643,,
R1,2,61,0.2692758283217748,0.3254848278363546,,,,,,,,,,,,,,0.0,-89.91035677586616,1.0,21341654.059863776,252601028.43383065,59967393581022.695,22297.442459396785,0.0325763474549016,4.026327933842356,,
R1,2,62,0.2640589863370966,0.3073287687301635,,,,,,,,,,,,,,0.0,-87.76620061343897,1.0,20851775.99156134,241511770.2700696,57390377605543.08,21847.790242907213,0.0324455711324888,4.011300457415604,,
R1,2,63,0.2599694940734792,0.3399044168790181,,,,,,,,,,,,,,0.0,-90.68543147415332,1.0,21552403.084964048,264363757.2834592,62839567902614.91,22664.712315854405,0.0323156083303113,3.9961158845387175,,
R1,2,64,0.2606098366931633,0.2996741606394449,,,,,,,,,,,,,,0.0,-83.8935383668121,1.0,19936815.347283214,225057632.42042443,53491669778702.65,21066.34463739051,0.0321860695558209,3.9810429426396734,,
R1,2,65,0.252699005568469,0.28445672082901,,,,,,,,,,,,,,0.0,-83.50174436927274,1.0,19856801.47809222,223178090.0578529,53077444561007.97,21048.996463217143,0.0320570180283503,3.9660643853979862,,
R1,2,66,0.2503445949907656,0.3007129434744517,,,,,,,,,,,,,,0.0,-81.35831900513523,1.0,19374581.52835529,217165309.70624724,51721063603765.27,20571.94755078362,0.0319287278959828,3.951194677855908,,
R1,2,67,0.2459687975821671,0.3231952093442281,,,,,,,,,,,,,,0.0,-79.47262381692339,1.0,18918061.255224787,207000717.3451176,49283228661866.03,20195.427652894203,0.0318006442261551,3.9363326117709736,,
R1,2,68,0.2436150345449094,0.2853610382874806,,,,,,,,,,,,,,0.0,-76.23064498031619,1.0,18152127.428402808,190381315.15404636,45339355709260.73,19454.021803274773,0.0316734992208019,3.921572876363768,,
R1,2,69,0.2427573320070902,0.2836581410566965,,,,,,,,,,,,,,0.0,-73.07529584311631,1.0,17410988.169475686,179655053.34780896,42813995374889.79,18725.26224438624,0.0315465053038064,3.9069458381279474,,
R1,2,70,0.2397647603352864,0.2951998953819275,,,,,,,,,,,,,,0.0,-69.43993572422818,1.0,16553586.708231864,162763243.85287172,38810229142436.02,17862.049518131596,0.0314203537279559,3.892260523942979,,
R1,2,71,0.2311161495358855,0.2910413289070129,,,,,,,,,,,,,,0.0,-71.6547172852436,1.0,17086675.011735786,174307229.06314448,41571000075280.14,18512.35200505276,0.0312945879274799,3.877760658820239,,
R1,2,72,0.2301401844775235,0.27471453444163,,,,,,,,,,,,,,0.0,-65.79826943083368,1.0,15704831.761404531,148134095.0943108,35360908150403.875,17061.24632791202,0.031169278402116,3.863319721548836,,
R1,2,73,0.2255673070527889,0.2816576387882232,,,,,,,,,,,,,,0.0,-65.11946320523,1.0,15552500.612155398,146189968.50379473,34919533468036.727,16951.482454139237,0.0310447564528834,3.848901110644104,,
R1,2,74,0.2240365748846972,0.2667275525331497,,,,,,,,,,,,,,0.0,-60.1242124567748,1.0,14364402.957070418,126645559.1422204,30261529336323.664,15720.02130396936,0.0309203818470126,3.8345877015243737,,
R1,2,75,0.2157326324162659,0.2711152346928914,,,,,,,,,,,,,,0.0,-62.84384673070503,1.0,15022879.516615732,137300509.81888214,32827157592530.06,16494.197551129033,0.0307969485559771,3.820178113732999,,
R1,2,76,0.213153978868767,0.2687531849543254,,,,,,,,,,,,,,0.0,-58.08679634493512,1.0,13893075.528498122,119631622.3162346,28618067208806.336,15308.151141076709,0.0306736994090002,3.805806764025877,,
R1,2,77,0.2068415920248738,0.2628844991525014,,,,,,,,,,,,,,0.0,-57.565357874088704,1.0,13780947.228945669,118374262.57432608,28344589381075.004,15225.118299213436,0.0305511344344385,3.791454612068232,,
R1,2,78,0.2045279803452668,0.2685438660780588,,,,,,,,,,,,,,0.0,-53.273228873678,1.0,12754565.425547248,103191370.18881686,24709750584275.43,14151.368545551724,0.0304291416079767,3.777127309390057,,
R1,2,79,0.198736894832717,0.2646884555021921,,,,,,,,,,,,,,0.0,-51.442471325053546,1.0,12320213.976738472,95649280.88338886,22911873829669.89,13723.311883386055,0.0303073792323883,3.762877963776303,,
R1,2,80,0.1935389702673311,0.2611164573828379,,,,,,,,,,,,,,0.0,-50.454811410707855,1.0,12090418.87411476,92785609.35844734,22238977575998.336,13511.4478736266,0.030186546137256,3.748631173584906,,
R1,2,81,0.1888264520698123,0.260260592063268,,,,,,,,,,,,,,0.0,-47.57665941883927,1.0,11409565.23077903,83129666.66444463,19938474644176.05,12790.229226377862,0.0300658234553916,3.7345415440072434,,
R1,2,82,0.1821181309399781,0.2748470641374588,,,,,,,,,,,,,,0.0,-46.45117375995448,1.0,11145773.029064631,80821199.0355668,19396209750191.043,12534.87694710338,0.029945881857026,3.720372434549025,,
R1,2,83,0.1765526430297781,0.2591426695982615,,,,,,,,,,,,,,0.0,-44.084427009525,1.0,10578389.981925225,73139696.3982121,17554392668513.951,11948.89482840677,0.0298264043465737,3.706153507615325,,
R1,2,84,0.1731817003576843,0.2661674842039744,,,,,,,,,,,,,,0.0,-41.68375591198859,1.0,10008052.226502294,65538319.86173082,15739091982741.59,11342.109062670252,0.0297071928406505,3.692012625864058,,
R1,2,85,0.169105567380234,0.2525413345893224,,,,,,,,,,,,,,0.0,-38.41931929618652,1.0,9226842.451683274,56901202.82095703,13668176357948.8,10498.183170005708,0.0295888961322846,3.677942481488806,,
R1,2,86,0.1613661822213067,0.2589841908613841,,,,,,,,,,,,,,0.0,-38.60639624260416,1.0,9275408.734770663,57366778.28600281,13785148811358.154,10589.513420591158,0.0294706871430438,3.663779086013153,,
R1,2,87,0.1576924522607415,0.2584793599446615,,,,,,,,,,,,,,0.0,-34.972817632938344,1.0,8403810.318103194,47129787.18894182,11328235325896.535,9634.777137211442,0.0293532505631446,3.6497454746813904,,
R1,2,88,0.1511563343471951,0.2473313535451889,,,,,,,,,,,,,,0.0,-34.99984679989428,1.0,8413216.999767046,47900090.21813927,11517683605882.645,9680.257918859174,0.0292362883687019,3.635730486193239,,
R1,2,89,0.146503754682011,0.2493287496964136,,,,,,,,,,,,,,0.0,-32.74520495687204,1.0,7874978.036080234,42693289.00155653,10270878635762.771,9092.918371412336,0.0291195441690739,3.621776784210404,,
R1,2,90,0.1415592520148665,0.2446606362263361,,,,,,,,,,,,,,0.0,-30.95188617243538,1.0,7441998.368446393,38112866.849926405,9166364518692.797,8634.408573734787,0.0290037333003936,3.607781566666567,,
R1,2,91,0.136212763177024,0.2466612860759099,,,,,,,,,,,,,,0.0,-29.584195660659397,1.0,7115125.403379589,35201270.678461805,8467600095331.161,8286.13266692587,0.0288880289109015,3.5938638142662085,,
R1,2,92,0.1318502895964516,0.2456432478030522,,,,,,,,,,,,,,0.0,-28.42971482216774,1.0,6836180.427247349,32918364.532670066,7918913945354.359,7999.941027645362,0.028772972331893,3.5800345066847648,,
R1,2,93,0.1268136197107809,0.2480467377901077,,,,,,,,,,,,,,0.0,-28.08189452531837,1.0,6754518.296709758,32075430.41064254,7717625733268.562,7932.755163977426,0.0286585254534598,3.566148873727649,,
R1,2,94,0.1226049171200505,0.2477586818536122,,,,,,,,,,,,,,0.0,-28.83100505257204,1.0,6935690.115431268,33939057.33707181,8166272600619.374,8177.538739998335,0.0285441872924571,3.5523511739916684,,
R1,2,95,0.1192241390877299,0.244631059885025,,,,,,,,,,,,,,0.0,-26.20375909563017,1.0,6304408.884375675,28243562.503811203,6796955944969.077,7464.221532556705,0.0284307834602171,3.5385420360243813,,
R1,2,96,0.1161418254397533,0.241910562078158,,,,,,,,,,,,,,0.0,-26.54758851618028,1.0,6386752.724386143,29261319.189427327,7041711829356.671,7593.630381166599,0.0283175942397886,3.524769096594344,,
R1,2,97,0.1134382139311896,0.245703246752421,,,,,,,,,,,,,,0.0,-27.49934647953539,1.0,6617894.946543406,31775463.346193746,7649346582509.3,7896.192278876366,0.0282047929814988,3.5111123223699656,,
R1,2,98,0.1114198662991877,0.242710778315862,,,,,,,,,,,,,,0.0,-27.82408998966868,1.0,6697220.190867121,32901181.324276578,7921402415674.687,8020.928678630371,0.0280928324787847,3.497424152467766,,
R1,2,99,0.1103133168088065,0.2423950468301773,,,,,,,,,,,,,,0.0,-24.39188026608021,1.0,5867805.264831264,25891126.31677248,6232070689747.582,7067.594444094803,0.0279809110102477,3.483781143474631,,
R1,2,100,0.1093740351774074,0.2423602776924769,,,,,,,,,,,,,,0.0,-26.49093091506101,1.0,6380806.338657722,29997048.05770844,7227829389306.6,7695.226394028507,0.0278697575292279,3.470209030127726,,
S1,0,1,2.3001078260209824,2.291704147338867,,,,,,,1.0,40674.30717581276,,,,,,,,,,322936035646.9573,12916220174.653427,99902414.649001,0.2035752623989484,0.0814310729503631,0.0,-1626.8665320222
S1,0,2,2.211241318985268,1.869547479311625,,,,,,,1.0,12059.294393462096,,,,,,,,,,48857065798.71739,1953754018.3885548,29717694.78973665,0.202746525609691,0.0810942331902788,0.0,-482.1940560524455
S1,0,3,1.0640211841441969,0.8203452151616414,,,,,,,1.0,1064.7299232647283,,,,,,,,,,260506011.33449832,10336643.352885395,2656003.910426676,0.2022189216298033,0.080759260058403,0.0,-42.26039839195648
S1,0,4,0.7529286912812126,0.6805428719520569,,,,,,,1.0,1361.3640165187123,,,,,,,,,,456468355.6168214,17759214.071498554,3490780.61163328,0.2026165016571126,0.0804252245979851,0.0,-52.98423498603081
S1,0,5,0.6469468131595187,0.5901362771987915,,,,,,,1.0,1700.575219807756,,,,,,,,,,671628372.6078995,25812379.484926373,4441543.359763534,0.2025544509715142,0.0800930321216583,0.0,-65.35958433707029
S1,0,6,0.5701361169815063,0.5326652255058288,,,,,,,1.0,2561.132327796849,,,,,,,,,,1570703733.9807277,59991152.33489486,6760837.750266434,0.2020625368025318,0.0797618929102522,0.0,-97.85190719505565
S1,0,7,0.5245828742097925,0.511421531120936,,,,,,,1.0,2146.6977148045394,,,,,,,,,,1096566846.0311174,41704163.34748721,5716999.227715854,0.2014830381951702,0.0794323546626556,0.0,-81.64318108160784
S1,0,8,0.4876286965917658,0.4686039906342824,,,,,,,1.0,2243.789601044121,,,,,,,,,,1166759965.4333637,44130053.699111566,6033492.278286586,0.2009163073347818,0.0791041851043701,0.0,-84.88635762330162
S1,0,9,0.4589164135014569,0.4507046635150909,,,,,,,1.0,2232.2342269518103,,,,,,,,,,1140503015.9301803,42958001.06517881,6051058.506918844,0.2003015140658943,0.0787772505910475,0.0,-84.07947557700474
S1,0,10,0.4354570459701397,0.43989333208402,,,,,,,1.0,2238.519037875076,,,,,,,,,,1131527441.662402,42470675.34992103,6116250.333389828,0.1996601682444946,0.07845199406147,0.0,-84.02448369937507
S1,0,11,0.4163621990150875,0.4193396136760711,,,,,,,1.0,2174.294325130448,,,,,,,,,,1084242167.9132378,40543900.79787418,5985615.655978991,0.1990000205789689,0.0781276979576355,0.0,-81.31843030711359
S1,0,12,0.4004809556360598,0.4007987224260966,,,,,,,1.0,2219.590669843793,,,,,,,,,,1144308249.1891372,42634245.08713959,6158719.56542251,0.1983668034517836,0.0778052508831024,0.0,-82.71676777911765
S1,0,13,0.3849746451201262,0.3886922491391499,,,,,,,1.0,2301.64426704729,,,,,,,,,,1226049937.7767758,45554871.923952445,6432613.1323955385,0.1977104950340311,0.077483643202985,0.0,-85.52464707166025
S1,0,14,0.3728010911941528,0.3873413494427999,,,,,,,1.0,2383.7865845905444,,,,,,,,,,1294869459.3502133,47952891.888216965,6711811.090522115,0.1970529553553033,0.0771639198064804,0.0,-88.29201627739663
S1,0,15,0.3625004971380587,0.3657890073458353,,,,,,,1.0,2442.2638462745367,,,,,,,,,,1365573283.2931218,50436609.08524293,6924493.0867127,0.196391342681007,0.076845030324154,0.0,-90.22014019421653
S1,0,16,0.3559570513566335,0.3609766986370086,,,,,,,1.0,2156.831395157074,,,,,,,,,,1052398343.7460278,38762558.16755449,6160291.246283291,0.195746724778557,0.0765279591083526,0.0,-79.44587179571229
S1,0,17,0.3481469707930529,0.3532345976829529,,,,,,,1.0,2293.690993422605,,,,,,,,,,1216093990.6986587,44650748.1762893,6599093.53349055,0.1950884454678347,0.0762118100555022,0.0,-84.24049308965935
S1,0,18,0.3391897758819439,0.3738492421309153,,,,,,,1.0,2371.717181438707,,,,,,,,,,1289247145.430257,47231599.41910088,6870344.48703892,0.1944207402033045,0.0758973389863967,0.0,-86.90470376773868
S1,0,19,0.3361036511173955,0.3532728580633799,,,,,,,1.0,2178.9670405684824,,,,,,,,,,1112679662.2970572,40656697.50789398,6356696.19689678,0.1937640901505123,0.0755839308856222,0.0,-79.63905188494296
S1,0,20,0.3307821030440154,0.3425151132742564,,,,,,,1.0,2002.4870141996696,,,,,,,,,,952783844.2988596,34716189.34049724,5882423.471368492,0.1931055723081112,0.0752720177173614,0.0,-72.97958902697026
S1,0,21,0.3244507621924082,0.3443746127287547,,,,,,,1.0,2271.002309077562,,,,,,,,,,1198954236.3509204,43572451.66251724,6717307.586043369,0.1924461094754615,0.0749613377437772,0.0,-82.55545139858675
S1,0,22,0.3186883326813026,0.3390441728432973,,,,,,,1.0,2292.444947329212,,,,,,,,,,1231125792.7923226,44628601.88451397,6827776.796196738,0.1917848985453272,0.0746519581684004,0.0,-83.12480016721491
S1,0,23,0.3180953317748176,0.3384908067385355,,,,,,,1.0,1928.2332673002225,,,,,,,,,,900103454.8674823,32582099.93924493,5777600.059434394,0.1911037453635936,0.0743439793586731,0.0,-69.81632492021942
S1,0,24,0.3134393247012739,0.329670797586441,,,,,,,1.0,1897.0184621798728,,,,,,,,,,875785538.6454161,31621589.92568932,5722131.525510694,0.1904365456067517,0.0740371295343643,0.0,-68.51211037714438
S1,0,25,0.3059410603487933,0.3312503616809845,,,,,,,1.0,2171.221456128393,,,,,,,,,,1096541673.2216022,39505818.43667715,6591707.922036806,0.1897626786925784,0.0737318068742752,0.0,-78.24380931856716
S1,0,26,0.3037719943302649,0.3242914454936981,,,,,,,1.0,2018.0628783403647,,,,,,,,,,974613512.3799736,35028941.319103815,6166390.564638079,0.1890916962921988,0.0734274887360667,0.0,-72.55304159310117
S1,0,27,0.2991175727491025,0.3220008721351624,,,,,,,1.0,2098.4887235481297,,,,,,,,,,1045265353.3255742,37487760.49419046,6454087.829218021,0.1884312012455796,0.0731247782707214,0.0,-75.27878114256985
S1,0,28,0.2980317873248347,0.3274839822451273,,,,,,,1.0,1781.4200457968,,,,,,,,,,779045854.9962981,27896897.85494172,5513708.49985573,0.1877635629968572,0.0728229872564568,0.0,-63.80358925997024
S1,0,29,0.2941964705255296,0.3196169560750325,,,,,,,1.0,1956.720247297449,,,,,,,,,,941648101.0921388,33631237.14147634,6095525.491166653,0.1870965968853132,0.0725228458642959,0.0,-69.91105620836314
S1,0,30,0.2920040797039314,0.32951815533638,,,,,,,1.0,1804.775071970381,,,,,,,,,,791271634.6250347,28209236.590101343,5656598.901383024,0.1864244443275469,0.0722235760982567,0.0,-64.35636605907698
S1,0,31,0.2900722143650055,0.3200105383396148,,,,,,,1.0,1730.5155968716183,,,,,,,,,,748459563.4395807,26635793.790786743,5459892.652537038,0.1857726689652723,0.0719259738922119,0.0,-61.60695957756703
S1,0,32,0.2855746032396952,0.3119480313460032,,,,,,,1.0,1899.236700154908,,,,,,,,,,881110256.3994966,31270630.939830277,6032118.229582051,0.1851205835515865,0.0716292170269229,0.0,-67.42028484703795
S1,0,33,0.2834225968917211,0.3116136333147685,,,,,,,1.0,1845.5361204291344,,,,,,,,,,854314286.7537854,30266634.16001661,5897135.46834267,0.1844593070567187,0.0713341206312179,0.0,-65.40608024670333
S1,0,34,0.2809724847299081,0.3107765540281931,,,,,,,1.0,1835.6905444765723,,,,,,,,,,835079027.1367122,29538636.40970365,5901129.431511122,0.1837973157113706,0.0710398678531014,0.0,-64.94984752093453
S1,0,35,0.2788329780719898,0.3093569029172262,,,,,,,1.0,1864.536676055956,,,,,,,,,,868606661.743685,30664303.893928338,6031895.461215018,0.1831337827753089,0.0707472383975982,0.0,-65.84860594005248
S1,0,36,0.2767966903492256,0.3079713819026947,,,,,,,1.0,1792.4852027527784,,,,,,,,,,804547629.1049981,28355403.77651766,5832046.956888053,0.1824595966529239,0.0704554850880003,0.0,-63.19084927349832
S1,0,37,0.2751392203039593,0.3135989474455515,,,,,,,1.0,1648.4027470069143,,,,,,,,,,694784373.6266804,24458948.311710533,5393738.713126894,0.1817926963498531,0.0701652854681015,0.0,-58.04333699332584
S1,0,38,0.27407229619556,0.3137622898419698,,,,,,,1.0,1570.8025628864664,,,,,,,,,,646434862.2217544,22714468.558010995,5170796.950451543,0.1811316724216809,0.0698760320507519,0.0,-55.21919247291011
S1,0,39,0.2727544935853393,0.3076406627496084,,,,,,,1.0,1462.0749885148666,,,,,,,,,,554490188.8240839,19456408.42406492,4842651.526979686,0.1804749511240576,0.0695882201194763,0.0,-51.31750202350972
S1,0,40,0.2711492349218439,0.3038841616312663,,,,,,,1.0,1505.5282812895296,,,,,,,,,,593154951.1575763,20779928.37857905,5016212.121218566,0.1798217055006012,0.0693014741085152,0.0,-52.75479227498784
S1,0,41,0.269842589546133,0.3037757945855459,,,,,,,1.0,1423.1674760444787,,,,,,,,,,536511442.8257599,18753017.26516828,4771885.3389326045,0.1791777391977286,0.0690159946680069,0.0,-49.75552551946774
S1,0,42,0.2682677071182816,0.3064120977719625,,,,,,,1.0,1585.8019401807942,,,,,,,,,,664005654.8668361,23185671.87266169,5347321.187536487,0.1785211498719734,0.0687317639589309,0.0,-55.38802902233363
S1,0,43,0.2674882371160719,0.3058473597367604,,,,,,,1.0,1523.0605622664218,,,,,,,,,,621288909.9944702,21648560.60562344,5166436.008678701,0.1778713032133955,0.068448571896101,0.0,-53.08960684932228
S1,0,44,0.2663963778151406,0.3031991987228393,,,,,,,1.0,1606.1380763775446,,,,,,,,,,699190238.0957857,24343717.489637453,5480146.729938508,0.1772154541288625,0.068166846036911,0.0,-55.937174568506165
S1,0,45,0.2657525511406086,0.3039666660626729,,,,,,,1.0,1450.0136104133994,,,,,,,,,,561389453.4056088,19507329.92413313,4976625.858360242,0.1765668189188382,0.0678859303065385,0.0,-50.40577795495904
S1,0,46,0.264876826595377,0.3027029563585917,,,,,,,1.0,1384.3025432227,,,,,,,,,,521950404.9567307,18126106.68394512,4777479.467097667,0.1759158129533067,0.0676066786050796,0.0,-48.088700191798125
S1,0,47,0.2646449353430006,0.3028517064253489,,,,,,,1.0,1332.0314197423704,,,,,,,,,,489315178.2181557,16960200.45842958,4625055.692601383,0.175276769347993,0.0673280341789055,0.0,-46.18917575646611
S1,0,48,0.26410697305644,0.3030720333258311,,,,,,,1.0,1378.6741815062542,,,,,,,,,,547861366.8364625,18956062.313958503,4814162.800404102,0.1746330472246918,0.0670512080192566,0.0,-47.73191365627561
S1,0,49,0.2637887190183003,0.3022666850884755,,,,,,,1.0,1534.5137065038036,,,,,,,,,,657757172.3675123,22738650.087760527,5389866.227760475,0.1739836401722554,0.0667748542758525,0.0,-53.069450802884354
S1,0,50,0.2635833144055473,0.3022454798221588,,,,,,,1.0,1640.9265449503205,,,,,,,,,,755852338.8715239,26079494.195319705,5795836.652503575,0.173347633365656,0.066500386595726,0.0,-56.64426648237848
S2,0,1,2.30090213337651,2.293590788523356,,,,,,,1.0,50302.30383699688,,,,,,,,,,404001385338.9935,13227299459.605238,150933664.92213768,0.2142892840639993,0.0814310729503631,0.0,-1646.9851617362788
S2,0,2,2.248391419587312,2.1006889508565267,,,,,,,1.0,18423.343084436943,,,,,,,,,,82287689951.13008,2693722129.3360505,55468938.52864518,0.2134173968749817,0.0810942331902788,0.0,-603.0539611609638
S2,0,3,1.2141064451888754,0.8617014519373576,,,,,,,1.0,1274.7347339186715,,,,,,,,,,304408114.7662877,9911988.93038032,3873010.643778518,0.2127225021441873,0.080759260058403,0.0,-41.513967954854486
S2,0,4,0.7799710713492499,0.7044325483640035,,,,,,,1.0,1548.88854916706,,,,,,,,,,487232403.9871265,15599610.10117142,4823294.898465252,0.2130194224508203,0.0804252245979851,0.0,-49.61470312423439
S2,0,5,0.6675511855549282,0.6093168473243713,,,,,,,1.0,1929.5656597719487,,,,,,,,,,717597172.1076932,22669483.837986007,6130937.857113901,0.2130977066054683,0.0800930321216583,0.0,-60.95949257373932
S2,0,6,0.5877135192729809,0.5481207267443339,,,,,,,1.0,2914.611805285977,,,,,,,,,,1693365853.9717731,53118235.68655007,9369896.517669512,0.2126616122170594,0.0797618929102522,0.0,-91.4588260586324
S2,0,7,0.539485597204279,0.5213308136463165,,,,,,,1.0,2473.113830428024,,,,,,,,,,1202134872.979604,37524683.24965507,8027809.55170087,0.2121096902403934,0.0794323546626556,0.0,-77.19990947708868
S2,0,8,0.5011361933990761,0.4811520996888478,,,,,,,1.0,2634.1317798490936,,,,,,,,,,1325753979.3554862,41139582.43806615,8635899.334634878,0.2115420037322447,0.0791041851043701,0.0,-81.76026828449287
S2,0,9,0.4719063847506488,0.4654690976142883,,,,,,,1.0,2590.9637034743373,,,,,,,,,,1261921006.236064,38995229.15693152,8563140.620392978,0.2109060594151667,0.0787772505910475,0.0,-80.06885581657468
S2,0,10,0.448250023038299,0.4518609790007273,,,,,,,1.0,2612.8475566796787,,,,,,,,,,1272780710.2098792,39198752.30229634,8702666.886012008,0.2102338578007612,0.07845199406147,0.0,-80.47361310638135
S2,0,11,0.4290652155699553,0.426799130598704,,,,,,,1.0,2519.392179964238,,,,,,,,,,1214988791.6519525,37277452.27037859,8454522.542540787,0.2095459572374368,0.0781276979576355,0.0,-77.31422657178344
S2,0,12,0.4123335345232928,0.4130817401409149,,,,,,,1.0,2519.3995380415668,,,,,,,,,,1200634736.9153066,36704836.75985142,8521728.039566398,0.2088888371921457,0.0778052508831024,0.0,-77.03917300979619
S2,0,13,0.3961073497401343,0.3968424286842346,,,,,,,1.0,2603.7330064033667,,,,,,,,,,1288671069.5337465,39286908.28664944,8871251.012962382,0.2082099903144,0.077483643202985,0.0,-79.38128276819442
S2,0,14,0.3834360354564808,0.3923003375530243,,,,,,,1.0,2747.680246811474,,,,,,,,,,1426475602.1849415,43333504.633210346,9433611.477095688,0.2075368275345129,0.0771639198064804,0.0,-83.48204590756323
S2,0,15,0.3724065311043351,0.3732193423112233,,,,,,,1.0,2775.3007229789346,,,,,,,,,,1448114552.4025486,43868256.16590391,9597254.856614832,0.2068587229477727,0.076845030324154,0.0,-84.08700842682099
S2,0,16,0.3654905436657093,0.3724120941162109,,,,,,,1.0,2432.932070877159,,,,,,,,,,1109886224.9319625,33523111.8775735,8476705.105017638,0.2062020152092477,0.0765279591083526,0.0,-73.4887922787668
S2,0,17,0.3572899583754716,0.3613849209149679,,,,,,,1.0,2581.001999744074,,,,,,,,,,1255078674.319138,37785366.7929621,9059797.51409304,0.2055230546372769,0.0762118100555022,0.0,-77.72263228220079
S2,0,18,0.3480657430048342,0.3771671682198842,,,,,,,1.0,2717.100460104376,,,,,,,,,,1402458863.5468426,42124647.768796764,9603515.32721408,0.2048290518566792,0.0758973389863967,0.0,-81.62806629516048
S2,0,19,0.3443733690932945,0.3606854897340139,,,,,,,1.0,2485.6159824111323,,,,,,,,,,1188748460.265369,35611789.443290286,8848544.16730381,0.2041530722647632,0.0755839308856222,0.0,-74.47922412017542
S2,0,20,0.3390635672057116,0.3509817074139913,,,,,,,1.0,2265.4136039395926,,,,,,,,,,1003274119.8715316,29964449.22584235,8121605.210918495,0.2034740665753787,0.0752720177173614,0.0,-67.67497580994122
S2,0,21,0.3327148292815243,0.3487330097357432,,,,,,,1.0,2582.7429910804167,,,,,,,,,,1272441237.2630816,37898443.6890421,9325592.153232588,0.2027971534493369,0.0749613377437772,0.0,-76.94488412756056
S2,0,22,0.3269432088180825,0.3426022471586863,,,,,,,1.0,2590.942693115094,,,,,,,,,,1300216596.2628074,38621828.6330287,9421447.747369532,0.2021157681522146,0.0746519581684004,0.0,-76.98373954294658
S2,0,23,0.3262025053677735,0.3435292102495829,,,,,,,1.0,2176.669854036563,,,,,,,,,,945729605.3872342,28047190.873165797,7963878.861810474,0.2014121916474791,0.0743439793586731,0.0,-64.57287918515313
S2,0,24,0.3216955524153179,0.333663472255071,,,,,,,1.0,2154.548699608191,,,,,,,,,,940140200.889536,27810013.19872844,7936620.043484225,0.2007210225309733,0.0740371295343643,0.0,-63.750160582750816
S2,0,25,0.3137719819722352,0.3367238703568776,,,,,,,1.0,2517.491865550683,,,,,,,,,,1211789174.6745667,35766759.33116363,9335194.101071578,0.200023863139326,0.0737318068742752,0.0,-74.32894283506118
S2,0,26,0.3113704110648897,0.3296871081193288,,,,,,,1.0,2360.6033487094987,,,,,,,,,,1104726377.1373906,32525095.24474904,8811093.278481137,0.1993310840031813,0.0734274887360667,0.0,-69.52125005357475
S2,0,27,0.3067595622009701,0.3267423779169718,,,,,,,1.0,2446.9485567922543,,,,,,,,,,1165804188.4051883,34246449.63138705,9194792.459622204,0.1986479801975692,0.0731247782707214,0.0,-71.89826371105015
S2,0,28,0.3055780173849176,0.3294027298291524,,,,,,,1.0,2065.7211012643456,,,,,,,,,,862349469.2349001,25291493.40215032,7812100.207941049,0.1979557743253177,0.0728229872564568,0.0,-60.5956580475831
S2,0,29,0.3015103247342286,0.325364489475886,,,,,,,1.0,2321.915769312715,,,,,,,,,,1089712283.1468673,31869205.73272559,8839154.274378179,0.1972645488464061,0.0725228458642959,0.0,-67.93162236753672
S2,0,30,0.2993188240528107,0.3352885439395904,,,,,,,1.0,2129.082825696218,,,,,,,,,,906446926.761893,26463185.296936728,8155884.960960679,0.1965699451318424,0.0722235760982567,0.0,-62.17009693574213
S2,0,31,0.297523766429336,0.32359375111262,,,,,,,1.0,2040.3061219254612,,,,,,,,,,855070084.097379,24909565.44849099,7869201.352375198,0.1958959633888834,0.0719259738922119,0.0,-59.46067107382656
S2,0,32,0.2931894358264075,0.3150183481375376,,,,,,,1.0,2209.1201602533347,,,,,,,,,,985865935.1158437,28641565.03680204,8578630.542730805,0.1952260030795647,0.0716292170269229,0.0,-64.19916404760934
S2,0,33,0.2907333124566961,0.3160014854272207,,,,,,,1.0,2175.538020983784,,,,,,,,,,974519071.3454171,28255663.41730668,8500780.954748979,0.1945424457986584,0.0713341206312179,0.0,-63.10267501432387
S2,0,34,0.2882875350846184,0.3146963501771291,,,,,,,1.0,2206.6962142201987,,,,,,,,,,988814034.8859092,28621836.45197892,8676773.16896262,0.1938604135529615,0.0710398678531014,0.0,-63.89095800234925
S2,0,35,0.2862077605371122,0.3132381304899851,,,,,,,1.0,2206.4157048745333,,,,,,,,,,987909542.591978,28532178.99181456,8732271.563127885,0.1931761579171625,0.0707472383975982,0.0,-63.75089613943392
S2,0,36,0.2842791046080766,0.3127614529132843,,,,,,,1.0,2099.1023599298924,,,,,,,,,,906193904.0366396,26126652.27271141,8356379.094279169,0.1924780344018221,0.0704554850880003,0.0,-60.53660796361215
S2,0,37,0.2827297588189443,0.3168060225645701,,,,,,,1.0,1943.111036155848,,,,,,,,,,796245244.1469969,22924982.110251192,7781271.036544855,0.1917900069907558,0.0701652854681015,0.0,-55.96095307934026
S2,0,38,0.2815699927718551,0.3154822572072347,,,,,,,1.0,1870.955282845028,,,,,,,,,,750959831.3275099,21577032.9492636,7538797.435230715,0.1911059195223985,0.0698760320507519,0.0,-53.78202477139865
S2,0,39,0.2803084130728686,0.3121963441371918,,,,,,,1.0,1731.3419942090347,,,,,,,,,,633765241.7474706,18181661.591960013,7020453.129692927,0.1904286110082652,0.0695882201194763,0.0,-49.68234071193633
S2,0,40,0.2787973920239343,0.3079034235477447,,,,,,,1.0,1791.0132371048094,,,,,,,,,,690696700.1531115,19778540.614138,7307308.587811813,0.1897526442636167,0.0693014741085152,0.0,-51.30134931803894
S2,0,41,0.2775456292276029,0.3073550944328308,,,,,,,1.0,1687.3024229401185,,,,,,,,,,619459209.8503122,17694481.73002316,6929431.11823584,0.1890911091541483,0.0690159946680069,0.0,-48.210128015149394
S2,0,42,0.2760249436078248,0.3102026933034261,,,,,,,1.0,1898.4776203102224,,,,,,,,,,790861704.7595841,22562971.04188214,7842443.664978251,0.1884112915570447,0.0687317639589309,0.0,-54.18209756152934
S2,0,43,0.2752654867790363,0.3095897948741913,,,,,,,1.0,1771.7144339528204,,,,,,,,,,690003055.5528829,19643438.98798504,7363969.79573263,0.1877403294476095,0.068448571896101,0.0,-50.45637989375626
S2,0,44,0.2741814183394114,0.3071977480252584,,,,,,,1.0,1934.6695932336588,,,,,,,,,,831444938.408222,23640574.23657652,8090450.648609813,0.1870622450032889,0.068166846036911,0.0,-55.027290191104974
S2,0,45,0.2736390735926451,0.3074979517459869,,,,,,,1.0,1696.0190044746375,,,,,,,,,,630377678.2766105,17891781.00583432,7134949.927980912,0.1863898744289968,0.0678859303065385,0.0,-48.15656198290453
S2,0,46,0.2727678418424394,0.3062860509554545,,,,,,,1.0,1622.073362856114,,,,,,,,,,593889572.1401951,16841525.915741332,6862915.866830562,0.185717117224049,0.0676066786050796,0.0,-46.017059234302494
S2,0,47,0.2725437763796912,0.3063326152960459,,,,,,,1.0,1580.392549323204,,,,,,,,,,565411980.935515,15999369.595581025,6728695.338640798,0.1850555823447515,0.0673280341789055,0.0,-44.7410780928682
S2,0,48,0.2720112336564947,0.3066701842943827,,,,,,,1.0,1644.7009064261576,,,,,,,,,,640926864.6793479,18100473.92206497,7044015.688433482,0.184393717968152,0.0670512080192566,0.0,-46.47748952613686
S2,0,49,0.271726060796667,0.3059000424544016,,,,,,,1.0,1832.0398171931336,,,,,,,,,,772873578.614164,21803011.29823108,7893909.478753065,0.1837190686462903,0.0667748542758525,0.0,-51.71188830996023
S2,0,50,0.2715302848551008,0.3058875631491343,,,,,,,1.0,1953.8854564551843,,,,,,,,,,880413180.8131889,24784641.24344645,8467960.762302274,0.1830622342513613,0.066500386595726,0.0,-55.03112662021553
S3,0,1,2.2992060229689986,2.289422825495402,,,,,,,1.0,32720.14968302415,,,,,,,,,,256054076508.04855,12510688708.160234,65784706.41621908,0.1938816365255131,0.0814310729503631,0.0,-1598.7361186860978
S3,0,2,2.129304441769918,1.4400255737304688,,,,,,,1.0,7700.994697509764,,,,,,,,,,27866863817.836407,1361298788.9435737,15533062.5282558,0.1930921622156847,0.0810942331902788,0.0,-376.1421499828788
S3,0,3,0.9538225310996726,0.7865068686803182,,,,,,,1.0,963.546104995884,,,,,,,,,,258199161.04614007,12491451.590623865,1972504.7354693424,0.1927039437356073,0.080759260058403,0.0,-46.63605929050331
S3,0,4,0.7293905319990935,0.6634969758987427,,,,,,,1.0,1234.608777051879,,,,,,,,,,463484143.78814125,21916332.293412905,2606860.261514121,0.1931723430292496,0.0804252245979851,0.0,-58.40478807526519
S3,0,5,0.6272272609781336,0.5655609544118245,,,,,,,1.0,1545.6403923169732,,,,,,,,,,671777783.1149992,31392842.838465463,3320312.873291146,0.1930268350813431,0.0800930321216583,0.0,-72.2376697365048
S3,0,6,0.5535988818451211,0.5245449456373851,,,,,,,1.0,2231.807466137951,,,,,,,,,,1414857768.2293158,65759537.06963784,4839906.663176828,0.1924812090211946,0.0797618929102522,0.0,-103.762872571078
S3,0,7,0.5131816048445526,0.5001431755224863,,,,,,,1.0,1794.2432411887785,,,,,,,,,,939571499.3084884,43535435.21235279,3920554.0239761937,0.1918603240764408,0.0794323546626556,0.0,-83.13474067568704
S3,0,8,0.4763508229697192,0.458843716541926,,,,,,,1.0,1893.5497316953636,,,,,,,,,,1004693353.4798096,46317762.32884358,4175922.9826691714,0.1912899240969968,0.0791041851043701,0.0,-87.3140738958383
S3,0,9,0.4474006796589604,0.4324106039206187,,,,,,,1.0,1923.423439527434,,,,,,,,,,1031448606.9284316,47361638.34583178,4275564.675326677,0.190685257469891,0.0787772505910475,0.0,-88.31878705417341
S3,0,10,0.4249595127105713,0.435038100639979,,,,,,,1.0,1914.550420566232,,,,,,,,,,1000887863.3876764,45800963.26884288,4289560.8403653605,0.1900655121009605,0.07845199406147,0.0,-87.6165430885271
S3,0,11,0.4072886133723788,0.41049378824234,,,,,,,1.0,1842.2933085425832,,,,,,,,,,945148447.430057,43099093.59292663,4158019.819256845,0.189419814592593,0.0781276979576355,0.0,-84.01821208776204
S3,0,12,0.3914912118735136,0.3904634607632954,,,,,,,1.0,1911.0968286824816,,,,,,,,,,1021183009.3931892,46412370.824264005,4346012.702992642,0.1887937417986772,0.0778052508831024,0.0,-86.87967930711858
S3,0,13,0.3769708864247357,0.3781359839439392,,,,,,,1.0,1988.379787085928,,,,,,,,,,1116887892.3755033,50628033.742665626,4553677.898322405,0.1881522804476393,0.077483643202985,0.0,-90.13808961309316
S3,0,14,0.3648829026840351,0.3847760861714681,,,,,,,1.0,2099.250931477186,,,,,,,,,,1222509165.5276735,55239616.90607822,4841936.056431358,0.1875076990143804,0.0771639198064804,0.0,-94.87304120485328
S3,0,15,0.3548588466820893,0.3615234092871348,,,,,,,1.0,2099.6661906047007,,,,,,,,,,1212224350.1696205,54645762.98639269,4876516.777131569,0.1868687241712826,0.076845030324154,0.0,-94.66377753309678
S3,0,16,0.3478712698177055,0.358359749396642,,,,,,,1.0,1924.8017102764136,,,,,,,,,,1013122933.5730408,45552175.9369829,4502477.430638743,0.1862386205112039,0.0765279591083526,0.0,-86.54673567492296
S3,0,17,0.3406643638301779,0.34825714580218,,,,,,,1.0,1999.9162512597557,,,,,,,,,,1123370893.092624,50349611.76591096,4711612.250482762,0.1855995154637328,0.0762118100555022,0.0,-89.65957338821642
S3,0,18,0.3319956226966999,0.3645598016579945,,,,,,,1.0,2054.712343803349,,,,,,,,,,1189217273.0661633,53185490.09780997,4873620.077753477,0.1849553167915104,0.0758973389863967,0.0,-91.91296681633114
S3,0,19,0.3283013190958235,0.3488401472568512,,,,,,,1.0,1913.356705183155,,,,,,,,,,1028904546.3132064,45894476.455473706,4570159.991363313,0.1843188666465335,0.0755839308856222,0.0,-85.36299274251735
S3,0,20,0.3233157161871592,0.3379679838021596,,,,,,,1.0,1751.6315010185776,,,,,,,,,,893852089.4384327,39764096.53204416,4212037.929185302,0.1836774971982022,0.0752720177173614,0.0,-77.94309022430545
S3,0,21,0.316880594531695,0.3379522716999054,,,,,,,1.0,1970.1121205420184,,,,,,,,,,1096687961.7190175,48667842.74938672,4769806.7704142425,0.1830396862421903,0.0749613377437772,0.0,-87.44683212123381
S3,0,22,0.3111600010306747,0.3365271379152934,,,,,,,1.0,1980.3844143244264,,,,,,,,,,1120336305.9093397,49591796.63031968,4826917.034509834,0.1823949582581299,0.0746519581684004,0.0,-87.68709118384285
S3,0,23,0.3109562011471501,0.3380492068926493,,,,,,,1.0,1652.777092933595,,,,,,,,,,804701859.0679708,35575339.7431466,4052191.133666261,0.1817356782653476,0.0743439793586731,0.0,-73.09040302629558
S3,0,24,0.3064948881069819,0.3242967466513315,,,,,,,1.0,1640.7335579255584,,,,,,,,,,798124457.1538028,35206565.20523773,4048885.6903917263,0.1810881226335741,0.0740371295343643,0.0,-72.39048369642974
S3,0,25,0.2988841915307221,0.327987459897995,,,,,,,1.0,1867.940294840855,,,,,,,,,,989882220.420708,43577386.25651499,4638514.175581358,0.1804327294355341,0.0737318068742752,0.0,-82.25199659233907
S3,0,26,0.2970251427712264,0.3209838835398356,,,,,,,1.0,1715.3529441703404,,,,,,,,,,868018799.6026397,38117291.90568402,4286448.661941973,0.1797805310228926,0.0734274887360667,0.0,-75.34729034733546
S3,0,27,0.291976399898529,0.3175143104394277,,,,,,,1.0,1789.3421310000422,,,,,,,,,,918142311.423098,40255447.04981986,4498799.95410253,0.1791324015538303,0.0731247782707214,0.0,-78.4699215719606
S3,0,28,0.2909667794130466,0.3216901919841766,,,,,,,1.0,1536.94931624397,,,,,,,,,,711287203.2325587,31134717.68058393,3888153.917616543,0.1784820285158599,0.0728229872564568,0.0,-67.29391772580213
S3,0,29,0.286791404362078,0.3169254602591196,,,,,,,1.0,1681.2104751099018,,,,,,,,,,837674426.3823192,36585514.265581,4279243.550638327,0.177831444931701,0.0725228458642959,0.0,-73.45031538346313
S3,0,30,0.2847811420140443,0.325607542514801,,,,,,,1.0,1551.277033974795,,,,,,,,,,713853180.771703,31127177.441455256,3972077.377668479,0.1771790644157767,0.0722235760982567,0.0,-67.65796836243443
S3,0,31,0.2824093454855459,0.3148775639533996,,,,,,,1.0,1487.472090701091,,,,,,,,,,667581866.017506,29069681.418978333,3832266.3955877135,0.1765381003763851,0.0719259738922119,0.0,-64.79296252523335
S3,0,32,0.2782570321427451,0.3079133996168772,,,,,,,1.0,1615.2014956344956,,,,,,,,,,781242586.9034443,33930243.69833294,4188237.132421014,0.1759025753069404,0.0716292170269229,0.0,-70.17005120472265
S3,0,33,0.2757385443802233,0.3073166833718618,,,,,,,1.0,1599.83322598357,,,,,,,,,,782384885.4019158,33927480.46038311,4172687.55393316,0.1752614216081517,0.0713341206312179,0.0,-69.39675810801786
S3,0,34,0.273628038821397,0.3057166930834452,,,,,,,1.0,1539.9939171447977,,,,,,,,,,723588571.7836218,31334897.541033003,4039760.7877591713,0.1746158181293974,0.0710398678531014,0.0,-66.7067749441807
S3,0,35,0.2711811262678217,0.3042201459407806,,,,,,,1.0,1579.4488924568054,,,,,,,,,,754317080.1629978,32604273.441701725,4169005.7095494936,0.1739740795804707,0.0707472383975982,0.0,-68.29381047243726
S3,0,36,0.2693233966032664,0.3033529105981191,,,,,,,1.0,1489.716366733239,,,,,,,,,,674530003.0073906,29116421.33178384,3953842.362065729,0.1733207422327611,0.0704554850880003,0.0,-64.31924725854006
S3,0,37,0.2673737181336791,0.3092184416453044,,,,,,,1.0,1399.3862223000615,,,,,,,,,,615232298.0415887,26527235.996910226,3734532.062155667,0.172675236898779,0.0701652854681015,0.0,-60.35167505344519
S3,0,38,0.2663841896675251,0.3065112069447835,,,,,,,1.0,1310.0839143779865,,,,,,,,,,545762022.5169587,23499674.282352403,3516203.825839403,0.1720324339663905,0.0698760320507519,0.0,-56.43181990070169
S3,0,39,0.2649314376910527,0.3031564926306406,,,,,,,1.0,1222.8740106670512,,,,,,,,,,471507767.7142453,20271817.47471913,3301879.851234631,0.1713958405387448,0.0695882201194763,0.0,-52.58717183853056
S3,0,40,0.2632571678249924,0.2986232911745707,,,,,,,1.0,1257.5117773213428,,,,,,,,,,501445754.61092913,21529851.64441313,3414942.7221069364,0.1707618996042013,0.0693014741085152,0.0,-54.00673537719373
S3,0,41,0.2618381445231261,0.2976936655044556,,,,,,,1.0,1200.6943223380986,,,,,,,,,,468716274.9135962,20086271.2106396,3280491.6475791703,0.1701364937595874,0.0690159946680069,0.0,-51.46334178410173
S3,0,42,0.2602124273291341,0.2999724720319112,,,,,,,1.0,1325.9208653492858,,,,,,,,,,559293000.5761636,23948610.05227813,3642483.450053554,0.1695022177974675,0.0687317639589309,0.0,-56.78702464475351
S3,0,43,0.2594872624167689,0.300693080663681,,,,,,,1.0,1255.5807709256103,,,,,,,,,,513163130.51205134,21926295.970563658,3469284.3606588743,0.1688720889790353,0.068448571896101,0.0,-53.66406337537766
S3,0,44,0.2582905956992397,0.2978690364360809,,,,,,,1.0,1326.6656564645086,,,,,,,,,,582314200.2016379,24866846.0484169,3686456.367132761,0.168240244455342,0.068166846036911,0.0,-56.66865682801185
S3,0,45,0.2575919446503674,0.2985102578004201,,,,,,,1.0,1202.4714052750617,,,,,,,,,,472374179.5916432,20138649.20411854,3360328.683390864,0.1676119007154749,0.0678859303065385,0.0,-51.28113817577718
S3,0,46,0.2567001661856969,0.2966737881501515,,,,,,,1.0,1142.9227892892252,,,,,,,,,,435716419.4728452,18562581.73666721,3211348.9690084467,0.1669861638529329,0.0676066786050796,0.0,-48.7065083473228
S3,0,47,0.2564276012491296,0.2971826977729797,,,,,,,1.0,1079.2149258760076,,,,,,,,,,391548483.306684,16652669.49223349,3050098.3434976176,0.1663668631060714,0.0673280341789055,0.0,-45.91947973546036
S3,0,48,0.2558598465124766,0.2973141844272614,,,,,,,1.0,1139.9531849197458,,,,,,,,,,459295731.4268986,19505560.12429189,3239510.360103644,0.1657467051923303,0.0670512080192566,0.0,-48.43841467322603
S3,0,49,0.2555022762528172,0.2965323862234751,,,,,,,1.0,1298.6968731982802,,,,,,,,,,569743591.6003358,24171874.89437555,3712151.18355551,0.1651223837423962,0.0667748542758525,0.0,-55.11847417115361
S3,0,50,0.2552857892557427,0.2964953549702962,,,,,,,1.0,1365.1342020718523,,,,,,,,,,634577083.3790406,26873696.684427544,3923423.272898613,0.1645086601174764,0.066500386595726,0.0,-57.836892184557065
S4,0,1,2.3026407438207555,2.3027186571757,,,,,,,,,,,,,,,,,,,,,,,,
S4,0,2,2.302577317202533,2.3027888895670574,,,,,,,,,,,,,,,,,,,,,,,,
S4,0,3,2.302677330440945,2.303158135096232,,,,,,,,,,,,,,,,,,,,,,,,
S4,0,4,2.3027580142551,2.3027363262176515,,,,,,,,,,,,,,,,,,,,,,,,
S4,0,5,2.3027548293360955,2.3029085985819497,,,,,,,,,,,,,,,,,,,,,,,,
S4,0,6,2.30278374615422,2.3026960620880126,,,,,,,,,,,,,,,,,,,,,,,,
S4,0,7,2.3027368365393746,2.3028636474609376,,,,,,,,,,,,,,,,,,,,,,,,
S4,0,8,2.302655913529573,2.3025095125834145,,,,,,,,,,,,,,,,,,,,,,,,
S4,0,9,2.302650897343953,2.3029091936747235,,,,,,,,,,,,,,,,,,,,,,,,
S4,0,10,2.302510905301129,2.3032286179860435,,,,,,,,,,,,,,,,,,,,,,,,
S4,0,11,2.302590072207981,2.302483013153076,,,,,,,,,,,,,,,,,,,,,,,,
S4,0,12,2.3025403722833704,2.3020509141286216,,,,,,,,,,,,,,,,,,,,,,,,
S4,0,13,2.302393479523835,2.3035152702331545,,,,,,,,,,,,,,,,,,,,,,,,
S4,0,14,2.302390060212877,2.30270040957133,,,,,,,,,,,,,,,,,,,,,,,,
S4,0,15,2.3023824874736643,2.302343252182007,,,,,,,,,,,,,,,,,,,,,,,,
S4,0,16,2.3023818796652336,2.302983929316203,,,,,,,,,,,,,,,,,,,,,,,,
S4,0,17,2.302318435598303,2.3021606667836507,,,,,,,,,,,,,,,,,,,,,,,,
S4,0,18,2.3022764766127977,2.302362308502197,,,,,,,,,,,,,,,,,,,,,,,,
S4,0,19,2.302188726001316,2.302091776529948,,,,,,,,,,,,,,,,,,,,,,,,
S4,0,20,2.302151313852381,2.3022559553782145,,,,,,,,,,,,,,,,,,,,,,,,
S4,0,21,2.3021159051965783,2.3019243386586505,,,,,,,,,,,,,,,,,,,,,,,,
S4,0,22,2.3020513514765986,2.302094778696696,,,,,,,,,,,,,,,,,,,,,,,,
S4,0,23,2.301949999420731,2.301681006749471,,,,,,,,,,,,,,,,,,,,,,,,
S4,0,24,2.301859901781435,2.3018604571024577,,,,,,,,,,,,,,,,,,,,,,,,
S4,0,25,2.30178558921814,2.3019732837677003,,,,,,,,,,,,,,,,,,,,,,,,
S4,0,26,2.3016586253554734,2.30153780301412,,,,,,,,,,,,,,,,,,,,,,,,
S4,0,27,2.3017046772285745,2.30176615079244,,,,,,,,,,,,,,,,,,,,,,,,
S4,0,28,2.3016284197348136,2.3020841007232664,,,,,,,,,,,,,,,,,,,,,,,,
S4,0,29,2.301597396356088,2.301718079249064,,,,,,,,,,,,,,,,,,,,,,,,
S4,0,30,2.3015705427240443,2.3017996832529706,,,,,,,,,,,,,,,,,,,,,,,,
S4,0,31,2.3015257436964247,2.301362923940023,,,,,,,,,,,,,,,,,,,,,,,,
S4,0,32,2.301503532268383,2.301631165822347,,,,,,,,,,,,,,,,,,,,,,,,
S4,0,33,2.3014084490316886,2.301528425852457,,,,,,,,,,,,,,,,,,,,,,,,
S4,0,34,2.3012789928294994,2.301483947118123,,,,,,,,,,,,,,,,,,,,,,,,
S4,0,35,2.3012014952059143,2.301357645670573,,,,,,,,,,,,,,,,,,,,,,,,
S4,0,36,2.301125448650784,2.3012017866770424,,,,,,,,,,,,,,,,,,,,,,,,
S4,0,37,2.301067669974433,2.301203583399454,,,,,,,,,,,,,,,,,,,,,,,,
S4,0,38,2.3009957377115886,2.3012120780944825,,,,,,,,,,,,,,,,,,,,,,,,
S4,0,39,2.300923518428096,2.3010435384114585,,,,,,,,,,,,,,,,,,,,,,,,
S4,0,40,2.30087681028578,2.301028035481771,,,,,,,,,,,,,,,,,,,,,,,,
S4,0,41,2.300810647611265,2.300942543665568,,,,,,,,,,,,,,,,,,,,,,,,
S4,0,42,2.300772558918706,2.3009395179748533,,,,,,,,,,,,,,,,,,,,,,,,
S4,0,43,2.300739959858082,2.3009185854593914,,,,,,,,,,,,,,,,,,,,,,,,
S4,0,44,2.300720577593203,2.300903647104899,,,,,,,,,,,,,,,,,,,,,,,,
S4,0,45,2.3007065157007287,2.3008790855407715,,,,,,,,,,,,,,,,,,,,,,,,
S4,0,46,2.300696299870809,2.3008985595703124,,,,,,,,,,,,,,,,,,,,,,,,
S4,0,47,2.300686179408321,2.300887310028076,,,,,,,,,,,,,,,,,,,,,,,,
S4,0,48,2.300681584746749,2.300879824956258,,,,,,,,,,,,,,,,,,,,,,,,
S4,0,49,2.300676179320724,2.300878581364949,,,,,,,,,,,,,,,,,,,,,,,,
S4,0,50,2.3006743657853868,2.3008779182434083,,,,,,,,,,,,,,,,,,,,,,,,
S5,0,1,2.30255727174547,2.302655019760132,,,,,,,,,,,,,,,,,,,,,,,,
S5,0,2,2.3025363170482493,2.302762894312541,,,,,,,,,,,,,,,,,,,,,,,,
S5,0,3,2.302659538692898,2.3031362209320068,,,,,,,,,,,,,,,,,,,,,,,,
S5,0,4,2.302742194422969,2.302719758351644,,,,,,,,,,,,,,,,,,,,,,,,
S5,0,5,2.302755309140241,2.302937452316284,,,,,,,,,,,,,,,,,,,,,,,,
S5,0,6,2.30280739374514,2.302734069188436,,,,,,,,,,,,,,,,,,,,,,,,
S5,0,7,2.3027724351529724,2.302890017827352,,,,,,,,,,,,,,,,,,,,,,,,
S5,0,8,2.302677809114809,2.3025361296335856,,,,,,,,,,,,,,,,,,,,,,,,
S5,0,9,2.30268402700071,2.3029473514556886,,,,,,,,,,,,,,,,,,,,,,,,
S5,0,10,2.3025470703266286,2.303230942408244,,,,,,,,,,,,,,,,,,,,,,,,
S5,0,11,2.302618657288728,2.302505683263143,,,,,,,,,,,,,,,,,,,,,,,,
S5,0,12,2.3025374909860115,2.302053647994995,,,,,,,,,,,,,,,,,,,,,,,,
S5,0,13,2.302412850062052,2.30350915590922,,,,,,,,,,,,,,,,,,,,,,,,
S5,0,14,2.3024160141415067,2.3027281920115152,,,,,,,,,,,,,,,,,,,,,,,,
S5,0,15,2.3023659460279675,2.302329758326213,,,,,,,,,,,,,,,,,,,,,,,,
S5,0,16,2.3023627974192302,2.3029794057210284,,,,,,,,,,,,,,,,,,,,,,,,
S5,0,17,2.302364881868716,2.302238828659058,,,,,,,,,,,,,,,,,,,,,,,,
S5,0,18,2.302359719806247,2.3024567648569745,,,,,,,,,,,,,,,,,,,,,,,,
S5,0,19,2.302302139140941,2.3022197469075523,,,,,,,,,,,,,,,,,,,,,,,,
S5,0,20,2.302282274952641,2.3024080403645835,,,,,,,,,,,,,,,,,,,,,,,,
S5,0,21,2.302274329997875,2.302050394058228,,,,,,,,,,,,,,,,,,,,,,,,
S5,0,22,2.302216107191863,2.302278157552083,,,,,,,,,,,,,,,,,,,,,,,,
S5,0,23,2.302149638988354,2.301885288238525,,,,,,,,,,,,,,,,,,,,,,,,
S5,0,24,2.302097837589405,2.302097893397013,,,,,,,,,,,,,,,,,,,,,,,,
S5,0,25,2.302080285743431,2.3022638034820555,,,,,,,,,,,,,,,,,,,,,,,,
S5,0,26,2.301979277222245,2.3018683166503906,,,,,,,,,,,,,,,,,,,,,,,,
S5,0,27,2.302048302685773,2.302092368443807,,,,,,,,,,,,,,,,,,,,,,,,
S5,0,28,2.3019696571208814,2.302419979095459,,,,,,,,,,,,,,,,,,,,,,,,
S5,0,29,2.301946783701579,2.3020441493988035,,,,,,,,,,,,,,,,,,,,,,,,
S5,0,30,2.3019000481499567,2.3021078701019286,,,,,,,,,,,,,,,,,,,,,,,,
S5,0,31,2.30185569494742,2.301696154912313,,,,,,,,,,,,,,,,,,,,,,,,
S5,0,32,2.3018245401735657,2.3019426237742104,,,,,,,,,,,,,,,,,,,,,,,,
S5,0,33,2.301756584096838,2.301881785710653,,,,,,,,,,,,,,,,,,,,,,,,
S5,0,34,2.301678114219948,2.3019096444447835,,,,,,,,,,,,,,,,,,,,,,,,
S5,0,35,2.301665392345852,2.301833016077677,,,,,,,,,,,,,,,,,,,,,,,,
S5,0,36,2.301627002786707,2.3017248446146645,,,,,,,,,,,,,,,,,,,,,,,,
S5,0,37,2.3016115523444283,2.301758808771769,,,,,,,,,,,,,,,,,,,,,,,,
S5,0,38,2.301573108461168,2.3017936903635663,,,,,,,,,,,,,,,,,,,,,,,,
S5,0,39,2.301532792126691,2.301656298955282,,,,,,,,,,,,,,,,,,,,,,,,
S5,0,40,2.3015142900678844,2.3016692250569664,,,,,,,,,,,,,,,,,,,,,,,,
S5,0,41,2.301474446473298,2.301611928939819,,,,,,,,,,,,,,,,,,,,,,,,
S5,0,42,2.301460017804746,2.3016319618225096,,,,,,,,,,,,,,,,,,,,,,,,
S5,0,43,2.3014455483754475,2.301619063059489,,,,,,,,,,,,,,,,,,,,,,,,
S5,0,44,2.30143013381958,2.30160365486145,,,,,,,,,,,,,,,,,,,,,,,,
S5,0,45,2.301416741406476,2.301581195831299,,,,,,,,,,,,,,,,,,,,,,,,
S5,0,46,2.301409800776729,2.30160559908549,,,,,,,,,,,,,,,,,,,,,,,,
S5,0,47,2.301402201546563,2.301596352895101,,,,,,,,,,,,,,,,,,,,,,,,
S5,0,48,2.3013987034691703,2.3015887705485025,,,,,,,,,,,,,,,,,,,,,,,,
S5,0,49,2.3013934211730955,2.301587352116903,,,,,,,,,,,,,,,,,,,,,,,,
S5,0,50,2.301391612653379,2.3015870507558187,,,,,,,,,,,,,,,,,,,,,,,,
S6,0,1,2.3027260974601464,2.302806748708089,,,,,,,,,,,,,,,,,,,,,,,,
S6,0,2,2.302613002000032,2.3028063462575274,,,,,,,,,,,,,,,,,,,,,,,,
S6,0,3,2.3026941363016764,2.303187339146932,,,,,,,,,,,,,,,,,,,,,,,,
S6,0,4,2.302765092708446,2.3027450192769368,,,,,,,,,,,,,,,,,,,,,,,,
S6,0,5,2.302759795506795,2.302931038538615,,,,,,,,,,,,,,,,,,,,,,,,
S6,0,6,2.3027985396915014,2.3026869614919026,,,,,,,,,,,,,,,,,,,,,,,,
S6,0,7,2.3027518890522143,2.302859332402547,,,,,,,,,,,,,,,,,,,,,,,,
S6,0,8,2.302664742151896,2.3025289815266925,,,,,,,,,,,,,,,,,,,,,,,,
S6,0,9,2.3026483670693856,2.302890158335368,,,,,,,,,,,,,,,,,,,,,,,,
S6,0,10,2.3024912608817774,2.3032379360198973,,,,,,,,,,,,,,,,,,,,,,,,
S6,0,11,2.302577066068296,2.302471253712972,,,,,,,,,,,,,,,,,,,,,,,,
S6,0,12,2.3024864793706823,2.301944729487101,,,,,,,,,,,,,,,,,,,,,,,,
S6,0,13,2.302290912345604,2.303466765085856,,,,,,,,,,,,,,,,,,,,,,,,
S6,0,14,2.3022691640500668,2.302536833445231,,,,,,,,,,,,,,,,,,,,,,,,
S6,0,15,2.302215484760426,2.3021765174865725,,,,,,,,,,,,,,,,,,,,,,,,
S6,0,16,2.302215952202126,2.302841794967651,,,,,,,,,,,,,,,,,,,,,,,,
S6,0,17,2.3021609473758278,2.3020190003712973,,,,,,,,,,,,,,,,,,,,,,,,
S6,0,18,2.302137588430334,2.302195405960083,,,,,,,,,,,,,,,,,,,,,,,,
S6,0,19,2.3020301487534134,2.301920248667399,,,,,,,,,,,,,,,,,,,,,,,,
S6,0,20,2.3019635774824354,2.302070090611776,,,,,,,,,,,,,,,,,,,,,,,,
S6,0,21,2.3019095929463704,2.301682478586833,,,,,,,,,,,,,,,,,,,,,,,,
S6,0,22,2.301757373244674,2.301774648030599,,,,,,,,,,,,,,,,,,,,,,,,
S6,0,23,2.3015760601184985,2.3012661889394126,,,,,,,,,,,,,,,,,,,,,,,,
S6,0,24,2.301431959999932,2.301421513239543,,,,,,,,,,,,,,,,,,,,,,,,
S6,0,25,2.301327627323292,2.301484053929647,,,,,,,,,,,,,,,,,,,,,,,,
S6,0,26,2.3011045106252035,2.300933509190877,,,,,,,,,,,,,,,,,,,,,,,,
S6,0,27,2.301067755734479,2.301088679631551,,,,,,,,,,,,,,,,,,,,,,,,
S6,0,28,2.300940272366559,2.301372900644938,,,,,,,,,,,,,,,,,,,,,,,,
S6,0,29,2.3009035665724014,2.301020986557007,,,,,,,,,,,,,,,,,,,,,,,,
S6,0,30,2.3008309609448467,2.3010209623972573,,,,,,,,,,,,,,,,,,,,,,,,
S6,0,31,2.3006739379741528,2.300447545369466,,,,,,,,,,,,,,,,,,,,,,,,
S6,0,32,2.300563230231956,2.300583560943604,,,,,,,,,,,,,,,,,,,,,,,,
S6,0,33,2.300403749819155,2.3004799213409424,,,,,,,,,,,,,,,,,,,,,,,,
S6,0,34,2.3002675140522144,2.300440898895264,,,,,,,,,,,,,,,,,,,,,,,,
S6,0,35,2.30015532818547,2.300272960662842,,,,,,,,,,,,,,,,,,,,,,,,
S6,0,36,2.300081311331855,2.3001321862538657,,,,,,,,,,,,,,,,,,,,,,,,
S6,0,37,2.3000422493969954,2.3001408030192056,,,,,,,,,,,,,,,,,,,,,,,,
S6,0,38,2.2999663052735504,2.300166337966919,,,,,,,,,,,,,,,,,,,,,,,,
S6,0,39,2.29990369047942,2.3000152842203776,,,,,,,,,,,,,,,,,,,,,,,,
S6,0,40,2.2998547139344394,2.299967103322347,,,,,,,,,,,,,,,,,,,,,,,,
S6,0,41,2.299782608032227,2.299894003550212,,,,,,,,,,,,,,,,,,,,,,,,
S6,0,42,2.299759661568536,2.2998886725107828,,,,,,,,,,,,,,,,,,,,,,,,
S6,0,43,2.299727459801568,2.2998516629536945,,,,,,,,,,,,,,,,,,,,,,,,
S6,0,44,2.2996904451582165,2.299832121531169,,,,,,,,,,,,,,,,,,,,,,,,
S6,0,45,2.2996776036156548,2.299809995651245,,,,,,,,,,,,,,,,,,,,,,,,
S6,0,46,2.299663890132197,2.2998256651560465,,,,,,,,,,,,,,,,,,,,,,,,
S6,0,47,2.2996533527374265,2.2998100503285728,,,,,,,,,,,,,,,,,,,,,,,,
S6,0,48,2.299645194088971,2.299801523208618,,,,,,,,,,,,,,,,,,,,,,,,
S6,0,49,2.299637115690443,2.299797946929932,,,,,,,,,,,,,,,,,,,,,,,,
S6,0,50,2.299634129418267,2.2997971254984537,,,,,,,,,,,,,,,,,,,,,,,,
